90.0,5.460949659145726e-05,6.06772184349525e-07,-1641602,1
14.5,4.458074880285317e-05,3.0745344001967702e-06,-1295908,1
18.5,5.9735709845898014e-05,3.2289572889674603e-06,-1233932,1
142.0,8.911229718323559e-05,6.275513886143352e-07,-1587246,1
137.0,9.829032234921044e-05,7.174476083883974e-07,-1388364,1
102.0,7.98881565807869e-05,7.832172213802637e-07,-1271778,1
6.833333333333333,4.7809787013229315e-05,6.996554197057949e-06,-854202,1
164.0,0.00013189853463945053,8.042593575576252e-07,-1238504,1
193.0,0.0001596420048719762,8.271606470050581e-07,-1204214,1
99.0,9.574236599695366e-05,9.670946060298348e-07,-1029970,1
20.666666666666668,6.20881651945763e-05,3.004266057802079e-06,-994664,1
330.0,0.00020113734023295362,6.09507091615011e-07,-1634236,1
323.0,0.00025687825322787805,7.952887096838329e-07,-1252474,1
177.0,0.00014625319154210357,8.262892177519975e-07,-1205484,1
340.0,0.0002214103841470165,6.512070121971074e-07,-1529588,1
221.0,0.00021607246738136792,9.77703472313882e-07,-1018794,1
292.0,0.0002255017800739831,7.722663701163805e-07,-1289812,1
190.0,0.00019027018366079833,1.0014220192673596e-06,-994664,1
5.428571428571429,4.522598113600524e-05,8.331101788211491e-06,-836930,1
6.5,5.055906660184735e-05,7.778317938745746e-06,-768350,1
7.6,4.648147468594425e-05,6.115983511308453e-06,-814324,1
233.0,0.00023832172409913365,1.0228400175928483e-06,-973836,1
189.0,0.00016941176470588237,8.96358543417367e-07,-1111250,1
259.0,0.00021262011189236005,8.209270729434751e-07,-1213358,1
318.0,0.0002305525648972845,7.25008065714731e-07,-1373886,1
124.0,0.0001341076971329072,1.0815136865557034e-06,-921004,1
134.0,0.00015074302813494875,1.124947971156334e-06,-885444,1
232.0,0.00018832621021913217,8.11750906116949e-07,-1227074,1
276.0,0.00022224906389660588,8.052502315094415e-07,-1236980,1
302.0,0.00022614354124311553,7.488196729904488e-07,-1330198,1
115.0,0.0001426250449578946,1.2402177822425618e-06,-803148,1
282.0,0.0002476780185758514,8.782908460136574e-07,-1134110,1
142.0,0.00015087042674018943,1.062467793944996e-06,-937514,1
275.0,0.00025440702348408106,9.25116449033022e-07,-1076706,1
258.0,0.0002195669934640523,8.510348583877995e-07,-1170432,1
252.0,0.00023445677203265647,9.303840160026051e-07,-1070610,1
113.0,0.00011576208330772226,1.0244432151125864e-06,-972312,1
22.75,0.00012736000895718745,5.598242151964284e-06,-711708,1
220.0,0.00023991799166830246,1.0905363257650113e-06,-913384,1
239.0,0.00022726840493714459,9.509138281888896e-07,-1047496,1
55.5,0.0001245476731465118,2.2441022188560687e-06,-887730,1
44.0,9.543640465035572e-05,2.1690091965989935e-06,-918464,1
274.0,0.00023242695304381757,8.482735512548087e-07,-1174242,1
3.4444444444444446,4.548021977215877e-05,1.3203934772562224e-05,-678942,1
5.25,5.844779359579176e-05,1.1132913065865098e-05,-715772,1
35.5,0.00010639334067597233,2.996995511999221e-06,-664718,1
77.5,0.00020667906741071132,2.6668266762672425e-06,-747014,1
292.0,0.00022975482327762566,7.868315865672111e-07,-1265936,1
116.0,0.0001422457663490662,1.2262566064574672e-06,-812292,1
4.777777777777778,6.15878199344018e-05,1.2890473939758519e-05,-695452,1
6.333333333333333,5.944140719710301e-05,9.385485346911003e-06,-636778,1
130.75,0.0004263106198621623,3.260501872750763e-06,-1221994,1
13.8,0.00010379295561722963,7.52122866791519e-06,-662178,1
202.0,0.0002552874195117944,1.2637991064940318e-06,-788162,1
16.4,9.786020311959233e-05,5.967085556072703e-06,-834644,1
19.333333333333332,7.689350249903884e-05,3.977250129260629e-06,-751332,1
13.833333333333334,9.95078557255981e-05,7.193338968115525e-06,-830834,1
608.0,0.0004479266814747691,7.367215155835018e-07,-1352042,1
18.0,9.623481294358234e-05,5.3463784968656856e-06,-745236,1
25.666666666666668,0.00010996386901446667,4.284306584979221e-06,-697484,1
35.5,0.00010974827455617643,3.0915006917232798e-06,-644398,1
10.4,7.651841224294596e-05,7.357539638744804e-06,-676910,1
11.0,9.093013259266607e-05,8.26637569024237e-06,-602488,1
101.0,0.00013545773986749283,1.3411657412623052e-06,-742696,1
7.142857142857143,7.44130669345537e-05,1.0417829370837519e-05,-669290,1
31.0,0.0001464682258445547,4.724781478856603e-06,-632460,1
95.0,0.0001556828330998091,1.6387666642085167e-06,-607822,1
143.0,0.000217949597250482,1.5241230576956784e-06,-653542,1
37.0,0.00011677910600860062,3.1561920542865035e-06,-631190,1
75.0,0.00012693899311990657,1.692519908265421e-06,-588518,1
170.0,0.0002148458481039854,1.2637991064940318e-06,-788162,1
174.0,0.00021250480883726894,1.2212920048118905e-06,-815594,1
102.0,0.00017905102954341988,1.755402250425685e-06,-567436,1
30.666666666666668,0.00015830816749692417,5.162222853160571e-06,-578866,1
33.0,0.00015814064933509044,4.792140888942135e-06,-623570,1
405.0,0.00045942588779798873,1.134384908143182e-06,-878078,1
153.0,0.00023492560689115114,1.5354614829487002e-06,-648716,1
194.0,0.00024007078375686027,1.2374782667879396e-06,-804926,1
45.75,0.00020910462086932676,4.570592805886924e-06,-871728,1
33.6,0.0001981424148606811,5.897095680377414e-06,-844550,1
24.666666666666668,0.00019288539609928386,7.819678220241237e-06,-764286,1
144.0,0.000212775388980008,1.477606867916722e-06,-674116,1
165.0,0.00027313584783850224,1.6553687747788014e-06,-601726,1
14.5,0.00013919888640890872,9.599923200614396e-06,-622554,1
18.0,0.00014792170011340664,8.21787222852259e-06,-606044,1
59.666666666666664,0.00021922572901740333,3.6741742293419556e-06,-813308,1
60.333333333333336,0.0002415120522519998,4.002962192022096e-06,-746506,1
30.666666666666668,0.0001515900477838194,4.943153732081068e-06,-604520,1
160.0,0.00022329216384062522,1.3955760240039077e-06,-713740,1
296.0,0.00039944401711131805,1.3494730307814798e-06,-738124,1
184.0,0.00022161198631786866,1.2044129691188514e-06,-827024,1
134.0,0.00022014670971027707,1.6428858933602767e-06,-606298,1
120.0,0.00024021859892502177,2.001821657708515e-06,-497586,1
48.0,0.00017534726978821338,3.653068120587779e-06,-545338,1
29.0,0.00020918238540051213,7.213185703465936e-06,-414274,1
79.0,0.00021909754000610146,2.7733865823557147e-06,-718312,1
75.0,0.0002165017644893806,2.8866901931917413e-06,-690118,1
101.0,0.00019933489248744288,1.973612796905375e-06,-504698,1
124.0,0.0002272310793476269,1.832508704416346e-06,-543560,1
46.666666666666664,0.00024553649724648355,5.261496369567505e-06,-567944,1
77.0,0.00017117958294428882,2.223111466808946e-06,-448056,1
124.0,0.0002350287625925189,1.895393246713862e-06,-525526,1
126.0,0.00021089101453641637,1.673738210606479e-06,-595122,1
35.666666666666664,0.0001803213765093489,5.055739528299502e-06,-591058,1
19.0,0.00016347039035008475,8.603704755267618e-06,-578866,1
14.428571428571429,0.0001888786034203858,1.3090596276660402e-05,-532638,1
82.5,0.00026175518751189795,3.1727901516593693e-06,-627888,1
153.0,0.0002232973576479345,1.4594598539080686e-06,-682498,1
355.0,0.00042691102813403805,1.20256627643391e-06,-828294,1
355.0,0.00042691102813403805,1.20256627643391e-06,-828294,1
157.0,0.00023303795401582284,1.4843181784447315e-06,-671068,1
136.0,0.0002244668911335578,1.650491846570278e-06,-603504,1
87.0,0.00022951663006272135,2.638122184628981e-06,-755142,1
49.666666666666664,0.0002201634233195916,4.432820603750166e-06,-674116,1
131.0,0.0002165790430843501,1.653275138048474e-06,-602488,1
163.0,0.00023043103326406266,1.4136873206384213e-06,-704596,1
27.75,0.00016911193381781618,6.094123741182565e-06,-653796,1
126.0,0.00019592293697812195,1.554943944270809e-06,-640588,1
74.0,0.00016239288104721462,2.1944983925299275e-06,-453898,1
138.0,0.00022805582409955133,1.652578435503995e-06,-602742,1
135.0,0.0002294806088885489,1.6998563621373995e-06,-585978,1
41.25,0.0002339330526136702,5.6711043057859446e-06,-702564,1
72.5,0.00023352256713773806,3.221000926037766e-06,-618490,1
98.0,0.0002515965469657585,2.5673117037322292e-06,-775970,1
44.333333333333336,0.00020971798449979107,4.730480853378746e-06,-631698,1
33.0,0.00020889711816930162,6.330215702100049e-06,-629412,1
337.0,0.0004263124604680582,1.265022137887413e-06,-787400,1
150.0,0.00026762297275598136,1.7841531517065426e-06,-558292,1
71.5,0.00026767747671861106,3.7437409331274276e-06,-532130,1
143.0,0.0002509102074834408,1.7546168355485371e-06,-567690,1
69.0,0.0002498506327738852,3.6210236633896404e-06,-550164,1
129.0,0.00023750345208505938,1.841112031667127e-06,-541020,1
22.0,0.0002216903892177856,1.007683587353571e-05,-593090,1
42.5,0.0002207505518763797,5.194130632385404e-06,-383540,2
23.333333333333332,0.00020110608345902463,8.618832148243912e-06,-346710,2
5.0,0.00017339286488361004,3.4678572976722006e-05,-344678,2
17.0,0.00020465592223074954,1.2038583660632326e-05,-330962,2
10.833333333333334,0.00022922838200028212,2.1159542953872196e-05,-282448,2
13.666666666666666,0.00022550394631906057,1.6500288755053215e-05,-362204,2
10.714285714285714,0.00022589681033703804,2.108370229812355e-05,-330708,2
9.0,0.0001911665139989645,2.1240723777662725e-05,-375158,2
5.583333333333333,0.00020704893462507147,3.7083391276132206e-05,-322326,2
6.181818181818182,0.00021333333333333333,3.450980392156863e-05,-317500,2
7.875,0.00021767297227260948,2.7641012352077394e-05,-288290,2
6.166666666666667,0.00022271379772169803,3.611575098189698e-05,-330962,2
9.0,0.00019748906756947383,2.1943229729941538e-05,-317754,2
8.625,0.00021681749622926092,2.5138260432378078e-05,-316992,2
5.9,0.00019775431540137423,3.3517680576504107e-05,-297180,2
155.0,0.0004335543061732539,2.797124555956477e-06,-356108,2
10.0,0.0002097095522701059,2.097095522701059e-05,-284988,2
6.0,0.0002335952431514122,3.893254052523536e-05,-281432,2
7.222222222222222,0.00018937738542668182,2.6221484136002096e-05,-341884,2
14.2,0.00024044159978326392,1.6932507026990417e-05,-294132,2
17.5,0.00022952324742606074,1.3115614138632041e-05,-303784,2
8.714285714285714,0.00019623928324406055,2.2519262011613505e-05,-309626,2
21.666666666666668,0.0002045762125074749,9.441979038806535e-06,-316484,2
2.533333333333333,0.00015555282655859838,6.140243153628883e-05,-243332,2
3.2857142857142856,0.00017985259906554845,5.473774754168866e-05,-254762,2
6.0,0.0002063983488132095,3.439972480220158e-05,-289560,2
3.5384615384615383,0.0001803921568627451,5.0980392156862745e-05,-254000,2
22.285714285714285,0.00047831485995492804,2.146284628002882e-05,-324866,2
4.818181818181818,0.00018843439461006524,3.9109025296428636e-05,-280162,2
3.5,0.00019567908629847052,5.5908310370991576e-05,-249428,2
4.363636363636363,0.000184725509438319,4.233292924628144e-05,-258826,2
18.2,0.0002805524725613516,1.5414971019854484e-05,-323088,2
8.571428571428571,0.000195102916788606,2.27620069586707e-05,-306324,2
4.142857142857143,0.00020621122429026007,4.9775123104545536e-05,-280162,2
6.333333333333333,0.00018831458446900244,2.973388175826354e-05,-301498,2
9.5,0.00025604743615659323,2.6952361700694022e-05,-295656,2
14.222222222222221,0.0004617854501506214,3.246928946371557e-05,-276098,2
8.25,0.00020974354085232148,2.5423459497251087e-05,-313436,2
4.6,0.0002104925984396092,4.575926053034983e-05,-217678,2
2.923076923076923,0.00015555282655859838,5.321544066478366e-05,-243332,2
3.4285714285714284,0.00020662491121585847,6.0265599104625386e-05,-231394,2
6.333333333333333,0.00022308324527415757,3.522367030644593e-05,-254508,2
7.285714285714286,0.00021299254526091586,2.9234270918164924e-05,-238506,2
6.777777777777778,0.00022294099373206878,3.289293350145277e-05,-272542,2
6.3,0.0002045188936501753,3.2463316452408776e-05,-306832,2
7.833333333333333,0.00019080095806438518,2.4357569114602362e-05,-245364,2
10.214285714285714,0.0004638414505587181,4.5411051103650726e-05,-307086,2
6.888888888888889,0.00022829789192672375,3.314001657000828e-05,-270510,2
2.642857142857143,0.00017151068465211144,6.489593473323135e-05,-214884,2
10.0,0.00040638016864777,4.0638016864776997e-05,-294132,2
15.11111111111111,0.0004508312200619893,2.9834418974690468e-05,-300482,2
5.090909090909091,0.0001952069716775599,3.83442265795207e-05,-285750,2
4.9,0.00020617689135740133,4.2076916603551294e-05,-236728,2
7.375,0.00020788189489632332,2.8187375579162483e-05,-282702,2
10.0,0.00023365850809042583,2.3365850809042584e-05,-255778,2
3.3333333333333335,0.00017237664296487827,5.171299288946348e-05,-231140,2
4.454545454545454,0.00020662028252161079,4.638414505587181e-05,-236220,2
5.6,0.00020000714311225402,3.571556127004536e-05,-278892,2
9.307692307692308,0.00046293639406982305,4.973696795791487e-05,-260350,2
5.181818181818182,0.000229732180642041,4.433428047477984e-05,-247142,2
3.727272727272727,0.00020534395111812285,5.509227956827686e-05,-198882,2
4.416666666666667,0.00020477156379793298,4.6363372935381046e-05,-257810,2
4.363636363636363,0.00020262141455075033,4.643407416788028e-05,-235966,2
3.066666666666667,0.00018771296239619676,6.121074860745546e-05,-244094,2
12.0,0.00041755832767889764,3.4796527306574805e-05,-286258,2
2.7857142857142856,0.00018228984084694665,6.543737876557059e-05,-213106,2
4.636363636363637,0.00021164021164021165,4.5647888785143686e-05,-240030,2
3.1538461538461537,0.00018025147278642398,5.715290600545151e-05,-226568,2
2.923076923076923,0.00014754416618132401,5.0475635798874006e-05,-256540,2
5.4,0.00019535489472541785,3.617683235655886e-05,-275336,2
3.533333333333333,0.0001922693221599463,5.441584589432443e-05,-274574,2
3.533333333333333,0.000212518545250411,6.014675808973896e-05,-248412,2
4.333333333333333,0.00019645623181835354,4.533605349654313e-05,-263652,2
3.642857142857143,0.00018165304268846503,4.986554113016687e-05,-279654,2
4.2727272727272725,0.00021357326244518665,4.9985231636107515e-05,-219202,2
6.25,0.0002149982800137599,3.439972480220158e-05,-231648,2
6.222222222222222,0.00021678957861525657,3.484118227745195e-05,-257302,2
5.333333333333333,0.00019898022634000747,3.73087924387514e-05,-240284,2
12.0,0.00045205402045544443,3.767116837128704e-05,-264414,2
5.9,0.00022885514245262893,3.8789007195360834e-05,-256794,2
4.636363636363637,0.0002244668911335578,4.841442749939482e-05,-226314,2
4.636363636363637,0.0001972386587771203,4.2541671500947516e-05,-257556,2
4.076923076923077,0.0001912080379529917,4.690008478092249e-05,-276098,2
2.5,0.0001956436676666232,7.825746706664928e-05,-229108,2
6.3,0.00023870417732310315,3.788955195604812e-05,-262890,2
5.444444444444445,0.00020398817701178137,3.746721618583739e-05,-239268,2
7.153846153846154,0.0004206526901418007,5.8800913675735574e-05,-220218,2
4.0,0.00022964140611199434,5.7410351527998585e-05,-225552,2
8.533333333333333,0.000465209253302804,5.451670937142234e-05,-274066,2
4.416666666666667,0.00020317022214555422,4.6000805014087746e-05,-259842,2
2.8666666666666667,0.00018409110369038445,6.421782686873876e-05,-232664,2
10.8,0.000457375174691907,4.234955321221361e-05,-235204,2
3.0714285714285716,0.00019427125688985272,6.325110689437066e-05,-220472,2
6.1,0.00025233722180855464,4.136675767353355e-05,-240792,2
4.2,0.00018341412288746235,4.36700292589196e-05,-228092,2
13.666666666666666,0.0004429319937341328,3.2409658078107274e-05,-276606,2
5.0,0.00022141855487489852,4.4283710974979705e-05,-202438,2
3.1333333333333333,0.0001878835122224221,5.996282304970918e-05,-249174,2
2.933333333333333,0.00018573629667152113,6.331919204710948e-05,-235966,2
3.0,0.0001863188714399787,6.21062904799929e-05,-224536,2
19.5,0.0005110816256327092,2.620931413501073e-05,-304038,2
12.625,0.0004415590093339454,3.497497103635211e-05,-227838,2
16.1,0.0004983208753114505,3.09516071622019e-05,-321818,2
3.0714285714285716,0.00019979555803364,6.504971656909209e-05,-214376,2
5.7,0.00022420201781816036,3.933368733651936e-05,-253238,2
3.3333333333333335,0.00019341892120596697,5.802567636179009e-05,-205994,2
4.636363636363637,0.00022624434389140272,4.879779966285157e-05,-224536,2
3.2857142857142856,0.00019190654985398414,5.840634125990822e-05,-238760,2
4.583333333333333,0.00024316378185998188,5.3053916042177864e-05,-225298,2
3.6666666666666665,0.00021980766829024604,5.9947545897339824e-05,-199390,2
4.583333333333333,0.000229453483521068,5.006257822277847e-05,-238760,2
3.5384615384615383,0.0002002132706578747,5.658201127287763e-05,-228854,2
2.3125,0.00021182195505939602,9.159868326892801e-05,-173990,2
2.9411764705882355,0.00020771020272515787,7.062146892655367e-05,-239776,2
7.125,0.00046375396631681716,6.508827597429013e-05,-244856,2
5.181818181818182,0.00022241732513901083,4.292264169349332e-05,-255270,2
7.7,0.0004064075159000343,5.278019687013432e-05,-188722,2
3.230769230769231,0.00017691287041132243,5.475874560350456e-05,-236474,2
9.0,0.00045133142771174966,5.014793641241663e-05,-198628,2
6.8,0.0004410143329658214,6.485504896556197e-05,-230378,2
3.7857142857142856,0.0002197073332504249,5.803589934916884e-05,-240284,2
7.571428571428571,0.0002430913886022245,3.210640981538814e-05,-217170,2
11.25,0.00038615008366585146,3.432445188140902e-05,-232156,2
7.846153846153846,0.000446927374301676,5.6961332018841056e-05,-227330,2
6.153846153846154,0.00038923758088843475,6.325110689437066e-05,-204724,2
2.7857142857142856,0.0001991421568627451,7.148692810457517e-05,-195072,2
2.625,0.00019331676332504834,7.364448126668507e-05,-216408,2
8.333333333333334,0.00021762312028029857,2.611477443363583e-05,-228854,2
3.6153846153846154,0.00022368170569198552,6.18694079573577e-05,-209296,2
5.181818181818182,0.0002316366961292289,4.4701818551254696e-05,-245110,2
3.3846153846153846,0.0002037178507766743,6.0189365002199224e-05,-215138,2
7.285714285714286,0.00044004400440044003,6.039819668241334e-05,-230886,2
2.9285714285714284,0.00018085974547299235,6.175698625907056e-05,-225806,2
4.6,1.6408236934941342e-05,3.567008029335074e-06,-1396238,3
5.8,2.4674656150158046e-05,4.254251060372077e-06,-1170686,3
7.333333333333333,2.8844704046780867e-05,3.933368733651936e-06,-759714,3
39.0,4.1913175245433884e-05,1.0746968011649713e-06,-926846,3
7.333333333333333,3.2729328453688e-05,4.463090243684727e-06,-669544,3
10.0,6.019291830316163e-05,6.019291830316163e-06,-661924,3
12.5,6.796479423658545e-05,5.437183538926836e-06,-732790,3
15.666666666666666,3.8753937235112714e-05,2.473655568198684e-06,-1208024,3
6.833333333333333,3.9301958867145e-05,5.751506175679756e-06,-1039114,3
4.0,5.021214631819437e-05,1.2553036579548592e-05,-396748,3
5.5,4.857798975446034e-05,8.832361773538243e-06,-451104,3
3.3333333333333335,5.446623093681917e-05,1.6339869281045753e-05,-365760,3
21.75,8.89870815305778e-05,4.091360070371393e-06,-973836,3
29.0,7.114512993186014e-05,2.4532803424779357e-06,-812038,3
8.0,8.21578163626094e-05,1.0269727045326174e-05,-678942,3
14.6,0.00012622332883770792,8.645433482034789e-06,-576072,3
4.6,5.084333620708712e-05,1.1052899175453721e-05,-450596,3
20.333333333333332,8.62349265589437e-05,4.2410619619152635e-06,-704596,3
6.285714285714286,6.734934410922838e-05,1.0714668381013607e-05,-650748,3
6.6,6.013557839492675e-05,9.111451271958598e-06,-546608,3
13.875,0.00013667005263643918,9.850093883707329e-06,-808990,3
25.25,0.0001330014880364503,5.267385664809913e-06,-756412,3
26.2,0.00015939357437048663,6.083724212613994e-06,-818642,3
13.8,0.00013186561174177274,9.555479111722661e-06,-521208,3
131.0,0.0001561475654091424,1.1919661481613922e-06,-835660,3
43.0,0.00015116759388650127,3.5155254392209597e-06,-566674,3
3.875,6.628605640729574e-05,1.7106079072850513e-05,-465836,3
4.6,6.13578764839269e-05,1.3338668800853676e-05,-373380,3
3.5714285714285716,4.0180006428801025e-05,1.1250401800064289e-05,-619760,3
3.3333333333333335,3.413027526066998e-05,1.0239082578200993e-05,-583692,3
1.7692307692307692,3.9284006285441004e-05,2.220400355264057e-05,-583184,3
87.0,0.00014156700024408104,1.6272068993572533e-06,-612140,3
43.5,0.00012059967146986048,2.772406240686448e-06,-718566,3
6.6,0.00011204481792717087,1.697648756472286e-05,-293370,3
4.2727272727272725,6.981580510992276e-05,1.6339869281045753e-05,-670560,3
28.666666666666668,0.00014462045538627115,5.04489960649783e-06,-592328,3
5.0,6.330945662397801e-05,1.26618913247956e-05,-550672,3
11.5,0.00010866997401370187,9.449562957713205e-06,-421640,3
2.5,5.232246334157412e-05,2.0928985336629648e-05,-380746,3
2.8333333333333335,5.5050922102945225e-05,1.9429737212804196e-05,-307594,3
2.3076923076923075,4.530113932365399e-05,1.963049370691673e-05,-659638,3
1.9090909090909092,3.897441607973052e-05,2.041517032747789e-05,-536702,3
2.9,4.433742307839315e-05,1.528876657875626e-05,-651510,3
28.857142857142858,0.0003812111947762743,1.3210288927890694e-05,-527812,3
5.444444444444445,7.482743876366745e-05,1.3743815283122595e-05,-652272,3
77.0,0.00044275774826059455,5.750100626760968e-06,-519684,3
9.6,0.00013265348422667164,1.381807127361163e-05,-360426,3
44.5,0.00016017421195187574,3.5994204933005784e-06,-553466,3
62.333333333333336,0.0003900709219858156,6.257822277847309e-06,-477520,3
84.5,0.00039332053296095885,4.6546808634433e-06,-427990,3
6.142857142857143,9.724766492525499e-05,1.583101522039035e-05,-440436,3
27.4,0.0003364150920230334,1.2277923066534065e-05,-405638,3
61.666666666666664,0.00037052614712892307,6.008532115604158e-06,-497332,3
69.66666666666667,0.00040137504561080066,5.761364291064124e-06,-518668,3
10.666666666666666,0.00015637407611019487,1.4660069635330768e-05,-407670,3
9.8,0.0001255927207484301,1.2815583749839806e-05,-388620,3
33.25,0.0003479443812214679,1.0464492668314824e-05,-380746,3
176.0,0.00038884286108809723,2.2093344380005522e-06,-450850,3
21.6,0.00028674977099844677,1.3275452361039202e-05,-375158,3
11.666666666666666,0.0001243250923557829,1.0656436487638533e-05,-560832,3
13.857142857142858,0.0001651724519595072,1.1919661481613922e-05,-584962,3
9.0,0.00014474689397290017,1.608298821921113e-05,-371602,3
40.75,0.0003583047568803306,8.792754770069463e-06,-453136,3
14.0,0.00015828407145395226,1.1306005103853732e-05,-616712,3
26.833333333333332,0.0003838130997079683,1.4303593777936706e-05,-417830,3
1.25,5.973448023535385e-05,4.7787584188283084e-05,-333502,3
1.75,4.7768527364542105e-05,2.7296301351166918e-05,-437896,3
2.3,7.454221357964673e-05,3.2409658078107274e-05,-307340,3
20.2,0.00029960547002462105,1.4831953961614903e-05,-335788,3
2.7058823529411766,8.38643221119224e-05,3.0993336432666976e-05,-546354,3
215.0,0.0004597258750828576,2.138259884106314e-06,-465836,3
6.625,0.00010460147823598488,1.5788902375243e-05,-504698,3
11.428571428571429,0.00013540159266123367,1.1847639357857947e-05,-588518,3
2.75,6.59255041802763e-05,2.397291061100956e-05,-498602,3
4.2727272727272725,0.00010199984808533264,2.38723048710353e-05,-458978,3
81.66666666666667,0.0004555639230561831,5.578333751708365e-06,-535686,3
5.857142857142857,8.099965426976836e-05,1.3829209265570209e-05,-504190,3
35.5,0.0003322570078150592,9.359352332818568e-06,-425704,3
20.0,0.0003467857297672201,1.7339286488361003e-05,-344678,3
13.2,0.00016612550026429056,1.2585265171537164e-05,-395732,3
5.166666666666667,9.542278449841475e-05,1.846892603195124e-05,-323596,3
16.875,0.0003237992444684296,1.918810337590694e-05,-415290,3
10.25,0.00015061762409881985,1.4694402351104376e-05,-542290,3
35.75,0.00038019275506812896,1.0634762379528082e-05,-374650,3
32.8,0.00037943200879171727,1.1568049048527965e-05,-430530,3
93.5,0.0004058291828076001,4.340419067460964e-06,-458978,3
98.0,0.000380697103011586,3.884664316444755e-06,-512826,3
2.066666666666667,8.148031330494664e-05,3.942595805078063e-05,-378968,3
1.9166666666666667,7.472748834413633e-05,3.898825478824504e-05,-306578,3
8.2,0.00013266032485601502,1.6178088397075003e-05,-307848,3
9.25,0.00012041331055243674,1.3017655194858026e-05,-306070,3
9.25,0.00013435003631082063,1.4524328249818447e-05,-274320,3
6.666666666666667,0.00012499023513787985,1.874853527068198e-05,-318770,3
8.333333333333334,0.00013550686342263235,1.6260823610715883e-05,-367538,3
25.6,0.00032765064250243176,1.2798853222751242e-05,-389128,3
15.857142857142858,0.00028827425009738994,1.8179457213348917e-05,-383540,3
8.75,0.00013147021260611524,1.50251671549846e-05,-265176,3
22.0,0.0003328491890583394,1.512950859356088e-05,-329184,3
10.2,0.00019212295869356388,1.883558418564352e-05,-264414,3
2.125,8.585533376261001e-05,4.040251000593412e-05,-394462,3
2.3333333333333335,6.510113926993723e-05,2.7900488258544524e-05,-321310,3
2.3125,9.564801530368245e-05,4.1361303915105924e-05,-385318,3
15.4,0.0002903469079939668,1.885369532428356e-05,-264160,3
3.0,8.363534987454697e-05,2.7878449958182326e-05,-214376,3
21.166666666666668,0.00037502952988424285,1.771793054571226e-05,-337312,3
22.4,0.000339950221574698,1.5176349177441874e-05,-328168,3
15.625,0.00035114332265857634,2.2473172650148884e-05,-354584,3
39.75,0.0003065532997859911,7.712032699018643e-06,-516636,3
129.0,0.00037696151485929694,2.922182285730984e-06,-340868,3
16.125,0.0003211951447245565,1.9919078742608154e-05,-400050,3
13.666666666666666,0.00024509803921568627,1.793400286944046e-05,-333248,3
2.1666666666666665,7.706786418271012e-05,3.5569783468943135e-05,-336042,3
2.2222222222222223,6.66366801605944e-05,2.998650607226748e-05,-298958,3
2.230769230769231,0.00014233478122162508,6.380524675452158e-05,-405892,3
3.909090909090909,0.0001280390668036387,3.2754179880000596e-05,-334518,3
3.238095238095238,0.00014191946070604933,4.3828068747456405e-05,-477266,3
6.25,0.00014428140645515012,2.308502503282402e-05,-345186,3
2.909090909090909,8.601110080769799e-05,2.9566315902646186e-05,-370586,3
6.25,0.00014428140645515012,2.308502503282402e-05,-345186,3
10.142857142857142,0.00018439163744968186,1.8179457213348917e-05,-383540,3
5.75,0.00015418133065191888,2.6814144461203285e-05,-445770,3
6.111111111111111,0.00014005602240896358,2.2918258212375858e-05,-391160,3
10.5,0.00017050298380221653,1.6238379409734908e-05,-368046,3
9.444444444444445,0.00020437359493153485,2.1639557110397806e-05,-414274,3
6.1,0.00013771772381952204,2.2576676035987223e-05,-441198,3
4.75,0.0001272584183118166,2.6791245960382444e-05,-297434,3
37.0,4.9302765618649774e-05,1.3325071788824262e-06,-747522,4
4.333333333333333,2.1268415584840528e-05,4.908095904193968e-06,-608838,4
34.0,3.7965072133637056e-05,1.1166197686363839e-06,-892048,4
37.0,4.377014757637595e-05,1.1829769615236744e-06,-842010,4
21.5,5.384018230536148e-05,2.5041945258307666e-06,-795528,4
38.0,4.481792717086835e-05,1.1794191360754828e-06,-844550,4
44.0,5.3603299039404514e-05,1.2182567963501027e-06,-817626,4
31.0,3.850764252485917e-05,1.2421820169309408e-06,-801878,4
17.5,5.7308936100536246e-05,3.2747963486020713e-06,-608330,4
20.0,3.680496130878442e-05,1.8402480654392213e-06,-541274,4
22.0,3.6743828706951264e-05,1.6701740321341484e-06,-596392,4
63.0,7.94401361830906e-05,1.2609545425887397e-06,-789940,4
4.2,2.6992114446565253e-05,6.42669391584887e-06,-774954,4
42.0,6.52300524170064e-05,1.5530964861192002e-06,-641350,4
21.0,3.716287959227012e-05,1.769660932965244e-06,-562864,4
4.25,3.663003663003663e-05,8.618832148243912e-06,-462280,4
31.0,8.269974656529278e-05,2.667733760170735e-06,-746760,4
11.5,4.404105392156863e-05,3.829656862745098e-06,-520192,4
26.0,6.112756853340857e-05,2.351060328208022e-06,-423672,4
5.0,4.3308322776929655e-05,8.661664555385931e-06,-459994,4
7.0,5.56250869141983e-05,7.946440987742615e-06,-501396,4
49.0,7.875281260045002e-05,1.6072002571520412e-06,-619760,4
14.0,5.75190788730369e-05,4.108505633788351e-06,-484886,4
37.0,7.273084672465478e-05,1.9656985601258047e-06,-506730,4
49.0,7.226658997559159e-05,1.474828366848808e-06,-675386,4
11.75,8.155474579212216e-05,6.940829429116779e-06,-574040,4
19.0,8.233127505145704e-05,4.333225002708265e-06,-689610,4
5.5,5.530417295123178e-05,1.0055304172951232e-05,-594360,4
11.5,5.669143836038501e-05,4.929690292207392e-06,-404114,4
12.666666666666666,8.584078792807446e-05,6.776904310111141e-06,-440944,4
9.5,5.482693445295705e-05,5.771256258206005e-06,-345186,4
15.0,7.965271416623521e-05,5.310180944415681e-06,-375158,4
3.1666666666666665,5.265710524492482e-05,1.662855955102889e-05,-359410,4
38.0,0.0001479102807376052,3.892375808884348e-06,-511810,4
26.5,0.00012291137625955172,4.638165141869876e-06,-429514,4
107.0,0.0001684495556552609,1.5742949126659897e-06,-632714,4
9.666666666666666,0.00010011046672190002,1.035625517812759e-05,-288544,4
15.666666666666666,7.622569292398514e-05,4.8654697611054346e-06,-614172,4
13.0,8.350596585890704e-05,6.423535835300541e-06,-310134,4
13.0,9.23557828928673e-05,7.104290991759023e-06,-420624,4
39.0,8.271561734482868e-05,2.1209132652520173e-06,-469646,4
10.333333333333334,8.899606694800907e-05,8.612522607871846e-06,-346964,4
5.428571428571429,7.645952172557069e-05,1.4084648738920915e-05,-495046,4
10.0,8.520518473549115e-05,8.520518473549116e-06,-467614,4
1.6363636363636365,5.372011818426001e-05,3.2828961112603334e-05,-333756,4
7.0,7.252570777320176e-05,1.0360815396171679e-05,-384556,4
17.0,7.203313524221141e-05,4.237243249541848e-06,-470154,4
41.0,0.0001280129886349444,3.122268015486449e-06,-319024,4
5.875,0.00013375451777227583,2.2766726429323543e-05,-350012,4
3.3333333333333335,7.027900766041184e-05,2.108370229812355e-05,-283464,4
9.0,0.00014108241564447232,1.5675823960496923e-05,-381254,4
115.0,0.0002101492973703927,1.827385194525154e-06,-545084,4
45.0,0.00025078719313400394,5.573048736311199e-06,-536194,4
118.0,0.0002153304318470059,1.8248341681949653e-06,-545846,4
2.4545454545454546,8.816182592937258e-05,3.591778093418883e-05,-305054,4
24.0,0.00012012462930290176,5.005192887620907e-06,-398018,4
6.333333333333333,0.00012066365007541478,1.9052155275065493e-05,-313690,4
8.4,0.00010681315327687495,1.2715851580580352e-05,-391668,4
115.0,0.00021424246658283266,1.8629779702855015e-06,-534670,4
7.0,0.00011447448036762662,1.635349719537523e-05,-304546,4
12.75,0.00014084507042253522,1.1046672190002762e-05,-360680,4
1.0,5.645669120361323e-05,5.645669120361323e-05,-229362,4
14.5,0.00014608283904441675,1.0074678554787361e-05,-395478,4
24.75,0.0002241543268577639,9.056740479101571e-06,-439928,4
40.5,0.00020939160107022375,5.1701629893882405e-06,-385318,4
50.0,0.00022563686003745573,4.5127372007491145e-06,-441452,4
31.5,0.0002746623941405356,8.719441083826526e-06,-456946,4
5.857142857142857,0.00014079186841111225,2.4037636070189897e-05,-290068,4
3.7,0.00013060129542366,3.52976474118e-05,-282194,4
26.0,0.00013649368716696852,5.249757198729559e-06,-379476,4
10.833333333333334,0.00016803029715511782,1.551048896816472e-05,-385318,4
17.666666666666668,0.00013602299558566883,7.69941484447182e-06,-388112,4
47.0,0.00021320268998287575,4.536227446444165e-06,-439166,4
3.5555555555555554,0.00012805122048819529,3.6014405762304925e-05,-248920,4
7.0,0.00012968967114404816,1.8527095877721168e-05,-322580,4
25.5,0.0002504696305572949,9.822338453227252e-06,-405638,4
3.8,0.00010391883392129515,2.7347061558235567e-05,-364236,4
21.8,0.00030929882806957803,1.4188019636219177e-05,-351028,4
7.857142857142857,0.0001646460110761862,2.095494686424188e-05,-332740,4
10.0,0.00015048229575790408,1.5048229575790408e-05,-330962,4
15.0,0.00018030200585981518,1.202013372398768e-05,-331470,4
19.5,0.0002110989323265538,1.0825586273156606e-05,-368046,4
57.0,0.00024230830543599553,4.251022902385887e-06,-468630,4
30.333333333333332,0.00022055793887394264,7.27114084199811e-06,-410972,4
6.0,0.0001265022137887413,2.108370229812355e-05,-283464,4
20.2,0.00025100027336663437,1.2425756107259127e-05,-400812,4
9.6,0.0001583139563647158,1.649103712132456e-05,-302006,4
13.0,0.0001807815324711445,1.3906271728549575e-05,-358140,4
48.0,0.00017253464172103304,3.594471702521522e-06,-277114,4
41.0,0.00015415562198033576,3.7598932190325793e-06,-264922,4
4.714285714285714,0.00011322114147496269,2.401660576741633e-05,-290322,4
11.11111111111111,0.0002482005460412013,2.2338049143708117e-05,-401320,4
9.285714285714286,0.00020327110110391844,2.189073396503737e-05,-318516,4
2.8333333333333335,0.00012266176019625882,4.329238595162076e-05,-276098,4
6.75,0.0001682007195253002,2.4918625114859288e-05,-319786,4
13.0,0.0001377848436671966,1.0598834128245893e-05,-281940,4
12.833333333333334,0.00024730612965907084,1.9270607505901623e-05,-310134,4
2.4166666666666665,0.00013102014999548207,5.421523448088913e-05,-220472,4
6.0,0.0001531198162562205,2.5519969376036748e-05,-234188,4
10.25,0.00011517500983201303,1.1236586325074442e-05,-354584,4
10.6,0.00015926677184283674,1.50251671549846e-05,-331470,4
27.666666666666668,0.00024146156979112118,8.727526618956187e-06,-342392,4
20.333333333333332,0.0003691600096828855,1.8155410312273058e-05,-329184,4
4.7,0.00015889114266396214,3.380662609871535e-05,-294640,4
83.0,0.00027677737761771376,3.334667200213419e-06,-298704,4
6.166666666666667,0.00012562600797894915,2.0371785077667432e-05,-293370,4
12.285714285714286,0.00024852977299984105,2.0229167569754505e-05,-344678,4
11.5,0.00024009603841536616,2.0877916383944882e-05,-286258,4
9.6,0.00016185321936169138,1.6859710350176185e-05,-295402,4
23.0,0.00020750631540959941,9.022013713460844e-06,-331216,4
9.0,0.00022177632273735347,2.464181363748372e-05,-282956,4
3.888888888888889,0.00013808340237503452,3.5507160610723164e-05,-252476,4
29.5,0.00032633645841975717,1.1062252827788378e-05,-360172,4
7.666666666666667,9.385648119809838e-05,1.2242149721491094e-05,-244094,4
9.714285714285714,0.00020202020202020202,2.0796197266785503e-05,-335280,4
4.666666666666667,0.00013993702833724824,2.998650607226748e-05,-298958,4
21.666666666666668,0.00022964140611199434,1.0598834128245893e-05,-281940,4
23.5,0.0003164184128587057,1.3464613313136414e-05,-295910,4
21.5,0.00021885457622374064,1.0179282615057704e-05,-391414,4
10.666666666666666,0.0002169234158659142,2.0336570237429456e-05,-293878,4
28.666666666666668,0.00030631689551388223,1.0685473099321473e-05,-279654,4
3.888888888888889,0.00013864131511190334,3.5650623885918004e-05,-251460,4
10.875,0.0003138697981492505,2.8861590634413838e-05,-276098,4
27.5,0.00036526041407248757,1.3282196875363184e-05,-299974,4
11.0,0.00018474199101482135,1.679472645589285e-05,-237236,4
30.666666666666668,0.00031263805348829307,1.0194719135487817e-05,-293116,4
16.0,0.00028520499108734403,1.7825311942959002e-05,-279400,4
4.166666666666667,0.00022006557954270373,5.28157390902489e-05,-226314,4
34.0,0.00020497053548552396,6.02854516133894e-06,-330454,4
7.375,0.00024380669022087232,3.3058534267236925e-05,-241046,4
12.2,5.1218431918319195e-05,4.1982321244523935e-06,-2372614,5
15.5,6.289930278151877e-05,4.058019534291533e-06,-1963674,5
11.3,4.321182397873825e-05,3.824055219357367e-06,-2604770,5
24.333333333333332,2.9684208814176852e-05,1.2198989923634323e-06,-2449576,5
115.0,4.645929660624938e-05,4.039938835326033e-07,-2465578,5
115.0,4.6526399686047945e-05,4.0457738857433e-07,-2462022,5
189.0,8.129609198072122e-05,4.301380528080487e-07,-2315718,5
10.4,2.3607498104590295e-05,2.2699517408259902e-06,-2194052,5
38.0,3.299448861798677e-05,8.682760162628098e-07,-2294382,5
62.0,5.8180726226839145e-05,9.383988101103088e-07,-2122932,5
60.0,2.909895098281707e-05,4.849825163802845e-07,-2053844,5
16.0,3.840909527376083e-05,2.400568454610052e-06,-2074672,5
73.0,3.897542679427115e-05,5.339099560859061e-07,-1865630,5
42.875,0.00016039804903597498,3.741062368186006e-06,-2130044,5
16.2,4.963235294117647e-05,3.0637254901960783e-06,-1625600,5
22.0,2.8667389866729214e-05,1.3030631757604187e-06,-1528826,5
20.25,5.3233963268565346e-05,2.6288376922748318e-06,-1515618,5
10.0,2.7223662807712462e-05,2.7223662807712464e-06,-1463548,5
6.518518518518518,0.00014984717291171787,2.2987918571683993e-05,-1169924,5
22.5,4.406256884776383e-05,1.9583363932339477e-06,-1017270,5
6.5,6.872525230097432e-05,1.0573115738611432e-05,-942086,5
201.5,0.0003708099851860031,1.8402480654392213e-06,-1082548,5
2.3548387096774195,5.933150462257442e-05,2.5195570456161738e-05,-1225550,5
4.1,6.949829856299555e-05,1.695080452755989e-05,-1175258,5
87.5,0.00039361887571202843,4.498501436708896e-06,-885698,5
12.571428571428571,0.0001925233133699784,1.5314354472611917e-05,-910590,5
2.5833333333333335,3.4546356195220343e-05,1.33727830433111e-05,-893826,5
23.083333333333332,0.0003188360756688939,1.3812393169771577e-05,-865378,5
104.5,9.069468221060694e-05,8.678916957952817e-07,-2295398,5
6.444444444444445,6.226416107094357e-05,9.6616801661809e-06,-1855724,5
42.5,5.471656817684395e-05,1.2874486629845634e-06,-1547368,5
4.1,2.6748346984776275e-05,6.523987069457628e-06,-1526794,5
10.0,5.6506752556930554e-05,5.6506752556930556e-06,-2115312,5
4.2727272727272725,2.7964455392231237e-05,6.544872538607311e-06,-1674114,5
106.0,5.8895760060895994e-05,5.556203779329811e-07,-1792732,5
71.0,4.1018175095612786e-05,5.777207759945463e-07,-1724152,5
5.090909090909091,2.990710106730967e-05,5.874609138221542e-06,-1865122,5
5.090909090909091,2.9923401435788922e-05,5.877810996315681e-06,-1864106,5
112.0,6.343380795414642e-05,5.663732853048788e-07,-1758696,5
8.6,2.6685781133152738e-05,3.102997806180551e-06,-1605026,5
12.5,4.755337866755433e-05,3.8042702934043463e-06,-1570990,5
20.75,5.1945451017943084e-05,2.5033952297803897e-06,-1591564,5
12.941176470588236,0.0004311569705343407,3.3316674995835414e-05,-508254,5
6.0,3.1490533551982605e-07,5.2484222586637675e-08,-18978626,5
1.0,5.434546324072866e-08,5.434546324072866e-08,-18328640,5
4.0,2.56647161482394e-07,6.41617903705985e-08,-15524480,5
162.0,4.3614864591999095e-05,2.6922755920987096e-07,-7399528,5
4.333333333333333,2.4487435590980713e-06,5.650946674841703e-07,-5288026,5
25.666666666666668,1.4750661145704923e-05,5.747010835988932e-07,-5199634,5
118.0,2.3550567359113222e-05,1.9958107931451883e-07,-4990846,5
20.333333333333332,1.2929878724096524e-05,6.358956749555668e-07,-4699254,5
126.5,5.813986889804266e-05,4.5960370670389455e-07,-4334510,5
10.0,2.649383055027686e-05,2.649383055027686e-06,-4135628,5
83.0,2.2694895835896763e-05,2.7343247995056343e-07,-3642868,5
41.5,2.091704878082587e-05,5.040252718271294e-07,-3952494,5
20.0,5.924714650930625e-06,2.962357325465312e-07,-3362452,5
27.714285714285715,4.5357676845256674e-05,1.6366172057566842e-06,-4260342,5
45.0,1.3212832302732414e-05,2.9361849561627587e-07,-3392424,5
79.0,2.3919388632537636e-05,3.0277707129794477e-07,-3289808,5
65.5,3.728322013180045e-05,5.692094676610756e-07,-3499866,5
62.5,3.62437026566634e-05,5.798992425066145e-07,-3435350,5
39.0,2.5082603767214143e-05,6.431436863388242e-07,-3097530,5
28.666666666666668,2.788613378210553e-05,9.727721086781e-07,-3071876,5
24.666666666666668,4.656548113468751e-05,1.8877897757305746e-06,-3165856,5
68.0,2.5484199796126402e-05,3.747676440606824e-07,-2657856,5
91.0,3.387723040611726e-05,3.722772572100798e-07,-2675636,5
283.0,9.322949609951508e-05,3.294328484081805e-07,-3023616,5
284.0,9.355107015506749e-05,3.294051766023503e-07,-3023870,5
15.285714285714286,3.9634253625885986e-05,2.5928950970205783e-06,-2689098,5
63.2,0.0003944034647595512,6.240561151258721e-06,-798068,5
20.333333333333332,0.0003759775029854771,1.8490696868138218e-05,-646430,5
16.176470588235293,0.00038161053522612156,2.359046945034206e-05,-717804,5
106.0,4.134947523224947e-05,3.900893889834856e-07,-2553462,5
102.66666666666667,0.00047310737847822246,4.608188751411258e-06,-648462,5
40.666666666666664,4.4950568191762075e-05,1.1053418407810344e-06,-5406898,5
118.0,2.798240902456405e-05,2.371390595302038e-07,-4200398,5
101.0,4.551056318195438e-05,4.505996354648949e-07,-4421124,5
94.0,2.530217935207579e-05,2.691721207667637e-07,-3700526,5
9.0625,3.426705140294035e-05,3.781191878945142e-06,-4214876,5
4.791666666666667,0.00016263266936778316,3.394073099849388e-05,-704342,5
1.9259259259259258,9.281819236570368e-05,4.8194061420653834e-05,-558038,5
6.833333333333333,6.789878113407525e-05,9.936406995230525e-06,-601472,5
1.3333333333333333,7.088239724267475e-05,5.316179793200606e-05,-562102,5
13.8125,0.00044037940379403794,3.188267176789415e-05,-499872,5
38.833333333333336,0.00044878462190377135,1.1556685542586387e-05,-517144,5
7.947368421052632,0.0003698668724204235,4.6539540238331436e-05,-406654,5
16.583333333333332,0.0005216525112718885,3.145643284051588e-05,-379984,5
65.0,0.00040654220220783687,6.254495418582106e-06,-637032,5
333.0,0.00046030396649318877,1.3822941936732395e-06,-720598,5
5.15,0.00015167914706250507,2.9452261565534963e-05,-676402,5
1.5769230769230769,4.5677361853832444e-05,2.896613190730838e-05,-894080,5
4.424242424242424,0.0001839810474318262,4.158475729623469e-05,-790448,5
2.3,0.00013844371209727175,6.019291830316163e-05,-661924,5
36.5,0.00038246427495513906,1.0478473286442166e-05,-760476,5
8.470588235294118,0.00033713784021071117,3.980099502487562e-05,-850900,5
64.66666666666667,0.0003370776755540497,5.2125413745471604e-06,-573278,5
140.5,0.00047253892980863015,3.363266404331887e-06,-592328,5
48.166666666666664,0.0004749930148086058,9.861446674227109e-06,-606044,5
44.8,0.00039058753781637154,8.718471826258294e-06,-571246,5
7.555555555555555,0.0003986048829098156,5.2756528620416775e-05,-509778,5
29.357142857142858,0.0004323403181014895,1.4726920811242952e-05,-946912,5
20.8,0.0004392494746956402,2.1117763206521166e-05,-471678,5
32.0,0.0004173070653439523,1.304084579199851e-05,-534670,5
10.294117647058824,0.0004368392805881105,4.2435815828559307e-05,-399034,5
13.105263157894736,0.00039043206246913,2.9792004766720762e-05,-635254,5
8.206896551724139,0.0003973321980984816,4.841442749939482e-05,-596646,5
13.263157894736842,0.00043611442811899694,3.288164338992437e-05,-575564,5
11.869565217391305,0.0004422091017323906,3.725571186756404e-05,-614934,5
19.071428571428573,0.0004495744197206577,2.357319054715059e-05,-591566,5
14.923076923076923,0.00041939598331063407,2.810385455174352e-05,-460756,5
20.4,0.0004362050163576881,2.1382598841063142e-05,-465836,5
7.3478260869565215,0.0003916933203541464,5.330737495944004e-05,-429768,5
45.0,0.0004131418453669093,9.18092989704243e-06,-759460,5
8.4,6.015554505220642e-05,7.161374410976955e-06,-695452,5
7.0,0.00018685692098621627,2.6693845855173752e-05,-820928,5
8.416666666666666,0.0002498917548091792,2.9690109482278717e-05,-805180,5
6.45,0.00016424751718869366,2.5464731347084288e-05,-782320,5
10.705882352941176,0.00019042835917718208,1.7787264318747778e-05,-951992,5
2.3,3.5580307073519744e-05,1.546969872761728e-05,-643890,5
6.0476190476190474,0.00016496827283414193,2.727821834265339e-05,-766826,5
16.666666666666668,0.00018451546239574876,1.1070927743744926e-05,-809752,5
9.142857142857142,0.0003352364988738149,3.66664920643235e-05,-570484,5
7.9,0.00040078126981711186,5.0731806305963524e-05,-392684,5
11.0,0.00047372954349698536,4.3066322136089577e-05,-393192,5
8.047619047619047,0.00044509408867643766,5.530754948050409e-05,-378206,5
9.346153846153847,0.00048619447779111647,5.202080832332933e-05,-497840,5
42.0,0.0004009393436050175,9.546174847738511e-06,-521716,5
14.866666666666667,0.00043529606964737115,2.928000468480075e-05,-510286,5
3.727272727272727,0.00010230179028132993,2.7446821782795832e-05,-1197610,5
64.75,0.0001510314162839857,2.332531525621401e-06,-1708150,5
1.509433962264151,0.00015112017832181042,0.00010011711813819941,-527304,5
8.1,0.0004940078675327052,6.098862562132162e-05,-326644,5
4.578947368421052,0.00046545221089800174,0.00010165048283979349,-372364,5
2.0,0.00046444556810307697,0.00023222278405153848,-265938,5
3.189189189189189,0.0004805245047136196,0.00015067293791867735,-244602,5
64.5,0.00015069477299409486,2.3363530696758896e-06,-1705356,5
2.933333333333333,3.888866793054837e-05,1.3257500430868763e-05,-1126998,5
60.0,4.242591374811735e-05,7.070985624686225e-07,-1408684,6
87.5,7.993878972672354e-05,9.135861683054119e-07,-2180590,6
5.166666666666667,2.6901665733786324e-05,5.2067740129909015e-06,-1147826,6
11.25,4.285346970259692e-05,3.809197306897504e-06,-1045972,6
4.875,4.546408337413444e-05,9.325965820335268e-06,-854456,6
9.833333333333334,5.555163241767295e-05,5.649318550949792e-06,-1057910,6
8.0,4.9624405282517945e-05,6.203050660314743e-06,-802894,6
14.333333333333334,5.193330797055502e-05,3.6232540444573273e-06,-824738,6
67.33333333333333,0.00013653168954586316,2.027698359592027e-06,-1473708,6
6.333333333333333,4.9116548399188286e-05,7.75524448408236e-06,-770636,6
10.0,5.6620973541019064e-05,5.6620973541019064e-06,-879602,6
132.0,9.905225006190766e-05,7.503958338023308e-07,-1327404,6
174.0,0.0001324185796965788,7.610263200952805e-07,-1308862,6
4.5,3.805979616864719e-05,8.457732481921597e-06,-706628,6
0.9285714285714286,3.052718093225314e-05,3.287542561934954e-05,-424180,6
5.714285714285714,4.391454230068287e-05,7.685044902619502e-06,-907288,6
23.333333333333332,6.51114335677345e-05,2.790490010045764e-06,-1070864,6
174.0,0.00012945417210708985,7.439894948683324e-07,-1338834,6
8.4,5.333739713501981e-05,6.349690135121406e-06,-784352,6
18.0,9.23627547191595e-05,5.131264151064416e-06,-776478,6
38.5,8.15228899335112e-05,2.1174776606106806e-06,-940816,6
11.571428571428571,7.903634208099761e-05,6.830301167493621e-06,-1020826,6
15.833333333333334,8.434435580888457e-05,5.327011945824289e-06,-1121918,6
17.0,8.044243338360986e-05,4.731907846094698e-06,-842010,6
2.4166666666666665,5.45184516759724e-05,2.2559359314195478e-05,-529844,6
6.416666666666667,7.85129444393462e-05,1.2235783548989018e-05,-976884,6
11.142857142857142,8.522773835084326e-05,7.648643185332087e-06,-911606,6
73.0,9.469881237311333e-05,1.2972440051111414e-06,-767842,6
38.5,8.015948614646284e-05,2.082064575232801e-06,-956818,6
12.6,7.36389936004208e-05,5.844364571461968e-06,-852170,6
17.2,8.933904687702896e-05,5.194130632385404e-06,-958850,6
10.125,8.231330884258342e-05,8.12970951531688e-06,-980186,6
33.25,0.0001243903237421847,3.741062368186006e-06,-1065022,6
5.625,6.187608283144955e-05,1.1000192503368809e-05,-724408,6
14.8,8.636788048552754e-05,5.835667600373482e-06,-853440,6
6.0,8.614324390844203e-05,1.4357207318073673e-05,-485648,6
14.0,0.000100816822006872,7.2012015719194285e-06,-968248,6
7.454545454545454,9.759290666190603e-05,1.30917313814752e-05,-836930,6
3.9,7.467830882352942e-05,1.914828431372549e-05,-520192,6
22.8,0.00012828086758376233,5.626353841393085e-06,-885190,6
2.5833333333333335,5.471135348829001e-05,2.1178588447080003e-05,-564388,6
4.1,6.581429133257887e-05,1.6052266178677774e-05,-620522,6
7.285714285714286,8.159934720522235e-05,1.1199910400716795e-05,-622554,6
5.75,6.192659006616721e-05,1.0769841750637776e-05,-739902,6
3.8,5.5791691442582276e-05,1.4682024063837441e-05,-678434,6
2.9,6.623499720214236e-05,2.2839654207635296e-05,-436118,6
23.75,0.00012940222980473886,5.448514939146899e-06,-731266,6
4.4,8.894279361229028e-05,2.0214271275520517e-05,-246380,6
18.77777777777778,0.00018647864322994252,9.930815319937767e-06,-902716,6
19.25,0.00015015454217490079,7.800235957137704e-06,-510794,6
19.25,0.00015015454217490079,7.800235957137704e-06,-510794,6
7.111111111111111,9.206910937522478e-05,1.2947218505890985e-05,-692404,6
3.9166666666666665,0.00011405552319937876,2.9120559114735002e-05,-410464,6
4.388888888888889,9.359635092707778e-05,2.1325750844144306e-05,-840740,6
33.8,0.00020926589770736207,6.1912987487385226e-06,-804418,6
9.0,9.547552113721954e-05,1.0608391237468838e-05,-563372,6
3.909090909090909,0.00010201297699963228,2.6096342953394303e-05,-419862,6
6.75,8.453680873547024e-05,1.252397166451411e-05,-636270,6
8.833333333333334,8.377393682180652e-05,9.483841904355454e-06,-630174,6
6.153846153846154,0.0001154251251641201,1.8756582839169517e-05,-690372,6
4.3,9.995699524623127e-05,2.324581284796076e-05,-428498,6
6.0,0.00011683817912191615,1.947302985365269e-05,-664972,6
16.333333333333332,0.00015940013500215515,9.759191938907458e-06,-612394,6
11.6,0.0001274949441660072,1.0990943462586828e-05,-453136,6
3.0833333333333335,8.761958889836127e-05,2.841716396703609e-05,-420624,6
14.2,0.0001322086289406551,9.310466826806695e-06,-534924,6
31.0,0.00013337205425230982,4.302324330719672e-06,-463042,6
5.333333333333333,0.00012461787098156044,2.3365850809042584e-05,-511556,6
8.571428571428571,0.00013166990355179564,1.5361488747709494e-05,-453898,6
8.571428571428571,0.00013166990355179564,1.5361488747709494e-05,-453898,6
8.428571428571429,0.00013381870967010286,1.5876796062554575e-05,-439166,6
7.1,0.00013041282086605134,1.836800293888047e-05,-542290,6
14.0,0.0001631074295434157,1.165053068167255e-05,-427482,6
9.5,0.00013909733152750833,1.4641824371316666e-05,-408178,6
8.555555555555555,0.00016482575562976282,1.9265348060621628e-05,-465328,6
8.11111111111111,0.00016750995307426657,2.0651912022854783e-05,-434086,6
6.428571428571429,0.00012899896800825592,2.006650613461759e-05,-347472,6
0.7619047619047619,4.8006961009346354e-05,6.300913632476709e-05,-331978,6
1.0,5.5674443690519684e-05,5.5674443690519684e-05,-286258,6
1.1666666666666667,5.736882004630483e-05,4.917327432540414e-05,-243078,6
8.428571428571429,0.000156016553620774,1.8510438565176577e-05,-376682,6
4.0625,0.00013186857774667032,3.245995759918039e-05,-490982,6
8.0,0.00014763552479815455,1.845444059976932e-05,-431800,6
5.1,0.00012121212121212121,2.3767082590612004e-05,-419100,6
4.6,0.00011653240107412475,2.5333130668287987e-05,-393192,6
24.4,0.00018536666894576506,7.596994628924797e-06,-655574,6
8.0,0.00015996200902285707,1.9995251127857134e-05,-398526,6
4.333333333333333,0.00015533330943590112,3.5846148331361796e-05,-416814,6
6.25,0.0001272410326882213,2.035856523011541e-05,-391414,6
6.888888888888889,0.00014567840317672906,2.114686497726712e-05,-423926,6
6.125,0.00013134440379022422,2.1443984292281505e-05,-371602,6
6.125,0.00013134440379022422,2.1443984292281505e-05,-371602,6
2.210526315789474,0.00011558307533539731,5.22875816993464e-05,-361950,6
6.0,0.00015910195783798116,2.6516992972996862e-05,-338074,6
3.9411764705882355,0.0001377070744440334,3.4940600978336826e-05,-484632,6
5.111111111111111,0.00015007666960294933,2.936282666144661e-05,-305308,6
5.0,0.00015270905870136216,3.054181174027243e-05,-326136,6
11.11111111111111,0.00023623907394283014,2.1261516654854714e-05,-421640,6
5.0,0.0001475383230794199,2.9507664615883975e-05,-337566,6
1.380952380952381,9.50087637394139e-05,6.879944960440316e-05,-304038,6
4.294117647058823,0.00014925678300517286,3.475842891901286e-05,-487172,6
1.625,0.00011122994652406417,6.844919786096257e-05,-349250,6
8.2,0.00019430128546887033,2.3695278715715894e-05,-420370,6
2.3333333333333335,0.00012777803130561768,5.476201341669329e-05,-327406,6
4.214285714285714,0.0001715141208447797,4.069826596316807e-05,-342646,6
11.8,0.0001743576104141732,1.477606867916722e-05,-337058,6
4.923076923076923,0.0001763741336309647,3.58259958937897e-05,-361442,6
2.625,0.00012365306482953542,4.710592945887064e-05,-338328,6
10.2,0.00017094017094017094,1.6758840288252053e-05,-297180,6
13.818181818181818,0.00027456399418357853,1.98697627369695e-05,-551434,6
3.909090909090909,0.00013330233279082383,3.410059676044331e-05,-321310,6
25.875,0.00030760314735973963,1.1888044342405397e-05,-670306,6
2.6666666666666665,0.00011075921983974526,4.153470743990447e-05,-287782,6
4.294117647058823,0.00018245666654169635,4.248990864669641e-05,-398526,6
2.1666666666666665,0.0001633986928104575,7.541478129713424e-05,-237744,6
9.090909090909092,0.00020793046805148358,2.2872351485663194e-05,-479044,6
2.1052631578947367,0.00013808340237503452,6.55896161281414e-05,-288544,6
60.5,0.00043533009534088866,7.195538765965102e-06,-276860,6
2.625,0.00015597147950089128,5.9417706476530004e-05,-268224,6
4.090909090909091,0.0001446480231436837,3.53584056573449e-05,-309880,6
4.090909090909091,0.0001446480231436837,3.53584056573449e-05,-309880,6
2.6470588235294117,0.0001325849648649843,5.008765339343852e-05,-338074,6
5.5,0.00019697376667562002,3.581341212284e-05,-333756,6
2.3076923076923075,0.00011334013374135781,4.9114057954588385e-05,-263652,6
2.857142857142857,0.00013546005621592334,4.7411019675573166e-05,-294132,6
6.15,0.00032092677390317404,5.2183215268808785e-05,-381762,6
4.818181818181818,2.4752070650816e-05,5.137222210546717e-06,-2132838,7
4.0,5.668371901880482e-05,1.4170929754701205e-05,-1054354,7
4.466666666666667,7.349513231866172e-05,1.6454134101192924e-05,-908050,7
2.4375,4.076257368619089e-05,1.6723107153309086e-05,-953008,7
1.7857142857142858,2.6757427861974483e-05,1.4984159602705712e-05,-930656,7
7.7272727272727275,9.195402298850575e-05,1.1899932386747802e-05,-920750,7
2.875,5.171793488037417e-05,1.7988846914912754e-05,-885952,7
9.272727272727273,8.359456635318704e-05,9.01510029299076e-06,-1215390,7
4.882352941176471,8.712264348994416e-05,1.7844396859386154e-05,-948944,7
21.545454545454547,0.0002735172939099124,1.2694895497928424e-05,-863092,7
2.066666666666667,3.244425605844152e-05,1.5698833576665255e-05,-951738,7
7.111111111111111,5.3275396339813786e-05,7.491852610286313e-06,-1196594,7
21.6,0.00024153373924420068,1.1182117557601883e-05,-890778,7
10.6,9.070178365913243e-05,8.55677204331438e-06,-1164082,7
2.7333333333333334,3.727035552283037e-05,1.3635495922986718e-05,-1095756,7
4.3125,8.874655142476801e-05,2.0578910475308525e-05,-774446,7
6.5,0.00013080280219849325,2.0123508030537425e-05,-791972,7
16.5,0.00027581365026829144,1.6715978804138877e-05,-595884,7
17.555555555555557,0.0002627683813135093,1.49678191887442e-05,-598932,7
17.555555555555557,0.0002627683813135093,1.49678191887442e-05,-598932,7
4.25,0.00010183299389002037,2.3960704444710675e-05,-498856,7
6.8125,0.0001370913984580362,2.0123508030537425e-05,-791972,7
3.0,4.5075501464953795e-05,1.50251671549846e-05,-729234,7
14.4,0.0002939645405272989,2.0414204203284644e-05,-487934,7
4.7,9.346537803762479e-05,1.9886250646303147e-05,-500888,7
3.8181818181818183,0.00010006432706740048,2.6207323755747744e-05,-418084,7
6.473684210526316,0.000173508252221752,2.680208774157145e-05,-706120,7
3.909090909090909,0.0002558838406379244,6.5458656907376e-05,-334772,7
9.166666666666666,0.0002824967577076672,3.08178281135637e-05,-387858,7
8.461538461538462,0.00028305285368740674,3.345170089032989e-05,-387096,7
8.384615384615385,0.0002779265152094648,3.314719906167929e-05,-390652,7
6.111111111111111,5.533254861718931e-05,9.05441704644916e-06,-990092,7
8.333333333333334,0.00026497085320614734,3.179650238473768e-05,-375920,7
8.333333333333334,0.00026497085320614734,3.179650238473768e-05,-375920,7
6.214285714285714,0.00013506590284569886,2.1734742986664183e-05,-641604,7
6.666666666666667,0.00019207683073229291,2.8811524609843938e-05,-622300,7
6.611111111111111,0.0001912568306010929,2.892960462873674e-05,-619760,7
3.25,3.7076648841354724e-05,1.1408199643493762e-05,-698500,7
4.0,7.882550004926594e-05,1.9706375012316486e-05,-657098,7
4.076923076923077,0.00010035883015688168,2.4616316830933244e-05,-526034,7
5.0,7.081200121796643e-05,1.4162400243593284e-05,-703326,7
7.4,0.00014634194575460037,1.977593861548654e-05,-503682,7
4.785714285714286,0.00015602440501141074,3.2602114479996274e-05,-427736,7
4.117647058823529,0.0003335477568913349,8.100445524503848e-05,-209042,7
4.5,0.00014541425752172558,3.231427944927235e-05,-431546,7
6.7272727272727275,0.00014612088541358134,2.1720672156072902e-05,-504444,7
3.6875,0.00013131245687832455,3.561015779751174e-05,-447548,7
2.074074074074074,0.000266514372739387,0.00012849800114220444,-209296,7
7.0,0.00015099549170603335,2.1570784529433336e-05,-461772,7
8.266666666666667,0.00021953702474217677,2.6556898154295577e-05,-562610,7
2.388888888888889,9.657929609415359e-05,4.0428542551041034e-05,-443484,7
4.785714285714286,0.00014810884895107986,3.094811769127042e-05,-450596,7
6.1875,0.00020917849898580121,3.380662609871535e-05,-471424,7
6.071428571428571,0.0001855976243504083,3.056902048124372e-05,-456184,7
6.5,0.00019981116746810705,3.074017961047801e-05,-453644,7
1.8888888888888888,5.973715651135006e-05,3.162555344718533e-05,-566928,7
3.2,0.0002486595695081203,7.770611547128759e-05,-192278,7
5.545454545454546,0.0001574823477778208,2.839845615665621e-05,-385826,7
4.363636363636363,0.00011786806143872702,2.7011430746374942e-05,-405638,7
5.454545454545454,0.0001488261338691074,2.7284791209336358e-05,-401574,7
3.8666666666666667,0.0001445969360407863,3.739575932089301e-05,-399542,7
3.0,0.0001358695652173913,4.528985507246377e-05,-373888,7
3.6,0.0001301565494052569,3.61545970570158e-05,-413258,7
6.0,0.00020865099109220768,3.4775165182034614e-05,-372364,7
4.214285714285714,0.0001467168985539682,3.481417931789076e-05,-400558,7
3.933333333333333,0.00014718355535598465,3.74195479718605e-05,-399288,7
2.625,0.00013304190820108335,5.06826316956508e-05,-314452,7
4.545454545454546,0.00014567491186667832,3.204848061066923e-05,-341884,7
5.0,0.0002281877006829332,4.563754013658664e-05,-305562,7
2.9411764705882355,7.880965891179623e-05,2.6795284030010716e-05,-631952,7
1.7894736842105263,0.000148975791433892,8.325117756599846e-05,-227330,7
7.625,0.00011331865763832771,1.4861463296829864e-05,-536194,7
8.5,0.00013008130081300812,1.5303682448589192e-05,-520700,7
10.25,0.00014771181784610952,1.4410909058157025e-05,-552958,7
6.888888888888889,0.0001127723816799447,1.6370184437411328e-05,-547624,7
3.066666666666667,0.00015070355627631169,4.9142464003145115e-05,-304038,7
11.0,0.00013730691215478233,1.2482446559525667e-05,-478790,7
5.454545454545454,0.00012254901960784314,2.2467320261437907e-05,-487680,7
5.833333333333333,5.8381498069240455e-05,1.0008256811869792e-05,-597154,7
3.3,4.9850448654037884e-05,1.5106196561829663e-05,-659384,7
10.181818181818182,0.00024132730015082957,2.3701788407670762e-05,-462280,7
5.2727272727272725,0.0001252483372203507,2.3753994990066512e-05,-461264,7
7.5,0.00014929829799940282,1.9906439733253708e-05,-500380,7
5.083333333333333,0.00013179927618430293,2.592772646248582e-05,-461010,7
8.285714285714286,0.00012778144965851508,1.542189909671734e-05,-452120,7
7.066666666666666,0.00022288808284707986,3.154076644062451e-05,-473710,7
3.5454545454545454,0.00017722036670983574,4.9985231636107515e-05,-219202,7
4.333333333333333,0.00011488539077602872,2.6512013256006627e-05,-450850,7
8.0,0.0001242125809599858,1.5526572619998225e-05,-449072,7
6.888888888888889,0.00014094913327649902,2.0460358056265986e-05,-438150,7
16.5,0.00024009603841536616,1.4551275055476737e-05,-410718,7
2.909090909090909,5.6022408963585436e-05,1.9257703081232494e-05,-568960,7
2.411764705882353,6.370218451881545e-05,2.641310089804543e-05,-641096,7
1.6,0.00013699803065330936,8.562376915831835e-05,-174498,7
7.285714285714286,0.00012307692307692307,1.6892911010558068e-05,-412750,7
6.142857142857143,0.00010598834128245893,1.725391602272587e-05,-404114,7
4.083333333333333,0.00011905629662025901,2.9156644070267514e-05,-409956,7
6.555555555555555,0.00014397793965128055,2.1962736556975e-05,-408178,7
5.333333333333333,0.00012449424214130097,2.334267040149393e-05,-384048,7
6.5,0.00012254901960784314,1.885369532428356e-05,-422656,7
4.583333333333333,0.00014161935292830198,3.089876791162952e-05,-386842,7
4.857142857142857,5.404675043912985e-05,1.1127272149232615e-05,-626618,7
5.444444444444445,0.00012085337279565915,2.2197558268590455e-05,-403860,7
8.666666666666666,0.0001526359046612657,1.7611835153222967e-05,-339344,7
9.875,0.00019757903161264506,2.000800320128051e-05,-398272,7
7.769230769230769,0.0002154942499306578,2.7736883654441103e-05,-466852,7
3.9166666666666665,0.00013137115145416683,3.3541570584042596e-05,-356362,7
6.785714285714286,0.00025604743615659323,3.773330638097163e-05,-369570,7
3.5,0.00013446946308264384,3.841984659504109e-05,-362966,7
3.857142857142857,5.971931919976112e-05,1.548278645919733e-05,-450342,7
5.2,0.00015218027509511267,2.92654375182909e-05,-340360,7
20.2,0.0002765910833607186,1.3692627889144485e-05,-363728,7
4.2631578947368425,0.0001997780244173141,4.686151190035763e-05,-403860,7
4.857142857142857,0.00016782043213761275,3.4551265440096744e-05,-403606,7
5.125,0.00011435584191002147,2.231333500683346e-05,-357124,7
7.428571428571429,0.0001403451952012739,1.8892622430940717e-05,-369062,7
4.777777777777778,0.00013163735439531004,2.7552004408320707e-05,-325374,7
9.666666666666666,0.00023448554679603802,2.425712553062462e-05,-369570,7
12.857142857142858,0.00026202017555351765,2.0379346987495813e-05,-342138,7
10.3,0.0002487201777262629,2.4147590070510965e-05,-412496,7
11.555555555555555,0.0002695592447157316,2.3327242331169083e-05,-384302,7
15.666666666666666,0.0002629297082599088,1.678274733573886e-05,-356108,7
8.615384615384615,0.0002639517345399698,3.0637254901960784e-05,-422656,7
4.0,0.00019454256898581888,4.863564224645472e-05,-389128,7
3.3333333333333335,0.00013237362455530735,3.971208736659221e-05,-300990,7
5.0,0.00012996084929415013,2.5992169858830026e-05,-306578,7
4.133333333333334,0.00019592043102494824,4.740010428022942e-05,-315214,7
4.666666666666667,0.00014029461869926848,3.006313257841467e-05,-298196,7
9.4,0.0002902578354176316,3.087849312953528e-05,-322580,7
14.833333333333334,0.0002626182150813674,1.7704598769530386e-05,-337566,7
4.1,0.000137775761547121,3.3603844279785606e-05,-296418,7
14.333333333333334,0.0002638927245389549,1.841112031667127e-05,-324612,7
18.333333333333332,0.00031487047373694006,1.7174753112924e-05,-347980,7
13.833333333333334,0.000244913616311837,1.7704598769530386e-05,-337566,7
4.666666666666667,7.002801120448179e-05,1.5006002400960385e-05,-398272,7
10.333333333333334,0.00021983476935077828,2.1274332517817253e-05,-280924,7
154.0,8.799673154997101e-05,5.714073477270844e-07,-1743202,8
233.0,0.00014146547301379137,6.0714795284889e-07,-1640586,8
162.0,0.00010085634507811697,6.225700313464011e-07,-1599946,8
36.0,8.52343352313757e-05,2.3676204230937696e-06,-1262126,8
10.8,7.365728900255754e-05,6.8201193520886615e-06,-730250,8
14.0,6.903736030721626e-05,4.931240021944018e-06,-807974,8
21.0,8.682439765574127e-05,4.134495126463869e-06,-963676,8
24.5,0.00014601585314977055,5.959830740806961e-06,-1002792,8
14.333333333333334,5.9648903777995106e-05,4.161551426371752e-06,-718058,8
12.0,0.00012370878950949466,1.0309065792457888e-05,-966216,8
17.8,0.00016098690398668692,9.044208089139715e-06,-1101344,8
16.1,0.000158357800105244,9.835888205294658e-06,-1012698,8
58.333333333333336,0.00015257325695952013,2.615541547877488e-06,-1142492,8
13.2,7.245899479612674e-05,5.489317787585359e-06,-907288,8
161.0,0.000164849229509036,1.0239082578200993e-06,-972820,8
20.142857142857142,0.00014159825261730812,7.029700484547212e-06,-991870,8
78.5,0.0001582334295836042,2.015712478772028e-06,-988314,8
37.75,0.00014502984637401373,3.841850235073211e-06,-1037082,8
18.2,0.00010210665095795113,5.610255547140172e-06,-887730,8
17.9,0.00018337533550515296,1.0244432151125862e-05,-972312,8
12.7,0.00015957680733299408,1.2565102939605833e-05,-792734,8
35.75,0.0001562944018186985,4.371871379544014e-06,-911352,8
40.333333333333336,0.00013894869807366578,3.445009043148738e-06,-867410,8
16.5,0.0001271651798616597,7.706980597676346e-06,-775462,8
17.0,0.0001582591493570722,9.3093617268866e-06,-855980,8
39.5,9.396539932321124e-05,2.3788708689420565e-06,-837438,8
15.166666666666666,0.00011110297169926502,7.325470661490001e-06,-815848,8
17.75,8.791644223208703e-05,4.9530389989908185e-06,-804418,8
21.142857142857142,0.00019502424625764285,9.224119755429054e-06,-755904,8
7.0,9.777731217152934e-05,1.396818745307562e-05,-855726,8
20.166666666666668,0.00016205935926283082,8.036001285760205e-06,-743712,8
16.875,0.00016349961850089015,9.688866281534233e-06,-822452,8
41.333333333333336,0.00014589694263544001,3.5297647411800004e-06,-846582,8
7.3076923076923075,0.00012258934505029388,1.6775384059513902e-05,-771906,8
28.25,0.00014354948328537765,5.081397638420448e-06,-784098,8
4.214285714285714,8.472081619172751e-05,2.0103244520070936e-05,-693674,8
14.9,0.00019687120131071297,1.3212832302732414e-05,-753872,8
90.33333333333333,0.00032145949728953893,3.558592220917405e-06,-839724,8
7.777777777777778,0.00010170796736627219,1.3076738661377852e-05,-685546,8
8.923076923076923,0.00014542901559600822,1.6298079334035403e-05,-794512,8
8.923076923076923,0.00014542901559600822,1.6298079334035403e-05,-794512,8
5.8,0.00014419969171100392,2.4862015812242056e-05,-600964,8
66.75,0.00032700150641143405,4.898898972455941e-06,-813308,8
25.166666666666668,0.00017671049320951897,7.02160900170274e-06,-851154,8
17.714285714285715,0.00014369814119501227,8.111991841653919e-06,-859536,8
5.533333333333333,0.00012819621743931917,2.3167991103491415e-05,-644906,8
10.416666666666666,0.00016449532833267535,1.5791551519936835e-05,-756920,8
10.833333333333334,0.0001563336159364083,1.4430795317206919e-05,-828294,8
7.909090909090909,0.00013432144511347845,1.6983171221244404e-05,-645160,8
11.5,0.0001650129499293314,1.4348952167767948e-05,-694182,8
31.625,0.00031984424975664024,1.0113652166217873e-05,-787908,8
177.0,0.00033925593697889714,1.9167002089203226e-06,-1039368,8
15.333333333333334,0.00016063415571036964,1.0476140589806716e-05,-570484,8
4.7894736842105265,0.0001225911182061282,2.5595947757323473e-05,-739394,8
52.5,0.0003665561179961599,6.9820212951649504e-06,-855980,8
10.454545454545455,0.00015225536534667884,1.4563556685334498e-05,-752348,8
7.230769230769231,0.0001528306181510747,2.113614931876565e-05,-612648,8
4.166666666666667,0.0001483943728853802,3.5614649492491244e-05,-503428,8
6.933333333333334,0.00016721735844809428,2.4117888237705907e-05,-619506,8
4.722222222222222,0.00013149243918474687,2.7845457709711104e-05,-643890,8
4.466666666666667,0.0001214164038998224,2.7182776992497555e-05,-549656,8
7.611111111111111,0.0001898427215409132,2.494283932654334e-05,-718820,8
262.0,0.0004329755501020467,1.652578435503995e-06,-602742,8
6.473684210526316,0.00018841911764705882,2.9105392156862745e-05,-650240,8
4.166666666666667,0.00020256036298817049,4.861448711716091e-05,-491744,8
10.166666666666666,0.00017228353350702902,1.6945921328560232e-05,-705358,8
12.538461538461538,0.00028171691770582187,2.246822043052567e-05,-576326,8
15.083333333333334,0.0003443978270590138,2.2833005108884893e-05,-523494,8
4.0,0.00015575944900094916,3.893986225023729e-05,-613918,8
26.285714285714285,0.0003881488044383972,1.4766530603634676e-05,-472186,8
3.823529411764706,0.00013898689246691042,3.635041802980734e-05,-465836,8
38.6,0.00039461039890408716,1.022306732912143e-05,-487172,8
4.55,0.0001554957494980563,3.4174889999572814e-05,-582930,8
19.833333333333332,0.0004122497055359246,2.0785699438786117e-05,-575056,8
21.571428571428573,0.0003736005443186738,1.731923053132925e-05,-402590,8
16.333333333333332,0.0003161774788072366,1.9357804824932852e-05,-617474,8
62.75,0.00042208993374365185,6.726532808663774e-06,-592328,8
54.333333333333336,0.00037980730022252514,6.99031840900353e-06,-427482,8
20.444444444444443,0.0002889742200444455,1.4134608589130485e-05,-634238,8
16.0,0.000330870603274867,2.0679412704679188e-05,-529844,8
9.125,0.0003068322720299267,3.3625454469033056e-05,-473964,8
35.666666666666664,0.00036424291938997824,1.0212418300653594e-05,-585216,8
31.166666666666668,0.0003253475303164744,1.0438958191972441e-05,-572516,8
4.866666666666666,0.0001779207643281054,3.655906116330933e-05,-408686,8
15.615384615384615,0.00032374072036297233,2.0732164358219906e-05,-624586,8
4.428571428571429,0.00018050278760353437,4.075869397499163e-05,-342138,8
19.88888888888889,0.00031994566285949204,1.6086653439862727e-05,-557276,8
21.9,0.00033159209629797867,1.5141191611779846e-05,-657860,8
42.8,0.00037802508390743687,8.832361773538243e-06,-563880,8
24.444444444444443,0.00037608766261517686,1.538540437971178e-05,-582676,8
30.875,0.00042004659626209545,1.3604748057071918e-05,-585724,8
11.307692307692308,0.0003097638840598034,2.7394084984880572e-05,-472694,8
18.555555555555557,0.0003389761701782162,1.826817683595177e-05,-490728,8
8.8125,0.0003205456095481671,3.637396987780619e-05,-438150,8
8.411764705882353,0.0003264169462895752,3.8804811796662786e-05,-436372,8
7.470588235294118,0.00031185924588996523,4.174493842621582e-05,-405638,8
14.583333333333334,0.00032280080423514656,2.213491229041005e-05,-540004,8
8.88888888888889,0.0003434323921139337,3.863614411281754e-05,-464058,8
10.857142857142858,0.0003223788163183067,2.9692785713528246e-05,-469646,8
2.7142857142857144,0.00015512103522880352,5.714985508429604e-05,-366014,8
9.25,0.0003168079458857779,3.424950766332734e-05,-348996,8
5.68,0.0002654255219723733,4.672984541767136e-05,-532892,8
13.727272727272727,0.00032500376659994404,2.3675771076817115e-05,-462788,8
17.636363636363637,0.00036314287051336045,2.059057513220085e-05,-532130,8
1.5,0.0001678587067581375,0.000111905804505425,-409448,8
2.0344827586206895,0.00020260293259160057,9.958449229078672e-05,-290068,8
1.105263157894737,0.00014811680067710538,0.00013401043870785723,-282448,8
23.0,0.00042679532380775654,1.85563184264242e-05,-483108,8
6.578947368421052,0.00033414865605410534,5.079059572022401e-05,-372618,8
34.0,0.00041152263374485596,1.2103606874848705e-05,-329184,8
9.1,0.0003559728130653758,3.911789154564569e-05,-509270,8
10.733333333333333,0.00036369386464263126,3.38845215505557e-05,-440944,8
16.6,0.00037628924402130796,2.2668026748271564e-05,-439420,8
23.0,0.00042312468380628247,1.8396725382881848e-05,-324866,8
5.769230769230769,0.00036132389073565546,6.262947439418028e-05,-413512,8
8.0,0.0003554433102996715,4.4430413787458934e-05,-425958,8
8.142857142857142,0.0003678487302765319,4.517440547255655e-05,-463042,8
8.666666666666666,0.00035280548205441346,4.0708324852432325e-05,-440436,8
8.38888888888889,0.0003740725601674656,4.459143101334027e-05,-402082,8
29.285714285714285,0.00044002275239597754,1.50251671549846e-05,-464058,8
8.055555555555555,0.00038920427856289674,4.831501389056649e-05,-371094,8
7.555555555555555,0.0003591470258136925,4.753416518122401e-05,-377190,8
9.6,0.00032454361054766733,3.380662609871535e-05,-441960,8
7.68,0.0004139313779387511,5.3897314835774885e-05,-462026,8
7.5,0.00047334222642970866,6.311229685729448e-05,-347218,8
6.65,0.0003584664106192305,5.3904723401388045e-05,-369570,8
10.733333333333333,0.0004312654023357977,4.0180006428801025e-05,-371856,8
3.8333333333333335,0.00038446751249519417,0.00010029587282483326,-297942,8
5.2727272727272725,0.00031157668546870804,5.909213000268601e-05,-370840,8
32.75,0.0004152995070299745,1.2680900978014488e-05,-314198,8
24.88888888888889,0.0004192989845102719,1.6846834199073423e-05,-532130,8
30.833333333333332,0.00045513814057618026,1.4761236991659902e-05,-404876,8
10.214285714285714,0.0003560535325241208,3.485838779956427e-05,-400050,8
1.0227272727272727,2.711178187667754e-05,2.6509297834973596e-05,-3306572,9
0.9791666666666666,9.466549845413255e-05,9.667965799570984e-05,-494538,9
1.042857142857143,0.00012270660514527285,0.00011766386794752192,-592582,9
1.375,0.00013054940956062493,9.494502513499996e-05,-587502,9
1.0,4.677006918920018e-05,4.677006918920018e-05,-979678,9
1.7916666666666667,7.733430450832019e-05,4.3163332748829866e-05,-1107694,9
0.9818181818181818,8.058017727639001e-05,8.207240278150834e-05,-667512,9
1.0,2.3507287259050304e-05,2.3507287259050304e-05,-1440688,9
1.0,8.207240278150834e-05,8.207240278150834e-05,-667512,9
2.75,0.00012424324568537093,4.5179362067407606e-05,-440944,9
1.7076923076923076,0.00013254997492297772,7.761935468462659e-05,-834136,9
1.9393939393939394,0.00014677215915606009,7.567939456484348e-05,-434340,9
1.2608695652173914,6.084830936119766e-05,4.825900397612228e-05,-474726,9
1.0,4.270310665100886e-05,4.270310665100886e-05,-419862,9
1.015748031496063,3.69176350391284e-05,3.634526860441323e-05,-3480562,9
1.5121951219512195,8.51917501408412e-05,5.63364799318466e-05,-724916,9
0.9029850746268657,4.426397424641499e-05,4.901960784313725e-05,-2722880,9
0.9420289855072463,3.719567500135907e-05,3.948463961682732e-05,-1740662,9
1.8478260869565217,0.00010116337885685381,5.4747240322532656e-05,-836930,9
1.018181818181818,6.327844493221579e-05,6.214847270128336e-05,-1763014,9
1.6666666666666667,3.0412056926081514e-05,1.8247234155648908e-05,-3766566,9
2.1333333333333333,6.089786286562506e-05,2.8545873218261746e-05,-1570228,9
1.1194029850746268,9.742220836661925e-05,8.703050614084653e-05,-766826,9
2.0851063829787235,6.216656834199224e-05,2.9814578694628935e-05,-1570228,9
5.16,0.00014798372179060303,2.8679015850892062e-05,-1736598,9
2.2222222222222223,9.996351331763906e-05,4.498358099293758e-05,-996442,9
1.0,9.551098376313276e-05,9.551098376313276e-05,-354584,9
0.9411764705882353,4.45632798573975e-05,4.734848484848485e-05,-357632,9
1.0606060606060606,4.009783872649264e-05,3.780653365640735e-05,-1738884,9
1.0,3.02733920171394e-05,3.02733920171394e-05,-855472,9
1.0,5.0150226795445284e-05,5.0150226795445284e-05,-1112266,9
1.0681818181818181,5.799676698873382e-05,5.42948456915806e-05,-807212,9
1.2884615384615385,7.430574039570579e-05,5.7670126874279124e-05,-898144,9
1.0,4.00393529640561e-05,4.00393529640561e-05,-870712,9
1.0,3.923274398928775e-05,3.923274398928775e-05,-583946,9
1.4367816091954022,7.68452858490943e-05,5.348431895096963e-05,-1620266,9
1.6304347826086956,0.00011657457275419086,7.149907128923706e-05,-640842,9
0.9834710743801653,3.2563440560091175e-05,3.3110725275386826e-05,-3640074,9
1.6304347826086956,0.00011657457275419086,7.149907128923706e-05,-640842,9
1.03125,1.4803450549746322e-05,1.4354861139147949e-05,-2220468,9
1.55,8.51917501408412e-05,5.4962419445704e-05,-724916,9
1.2105263157894737,3.048194607346149e-05,2.518073806068558e-05,-2254758,9
1.1123595505617978,6.990821898219988e-05,6.284678272137162e-05,-2821178,9
0.9844961240310077,3.85330147532901e-05,3.913983388326317e-05,-3282950,9
1.3611111111111112,6.31679364711039e-05,4.640909618285184e-05,-772668,9
1.4545454545454546,4.773910578687473e-05,3.2820635228476375e-05,-1001522,9
4.328767123287672,0.00010277124616640486,2.374145876628973e-05,-3062732,9
1.0119047619047619,3.73566438791139e-05,3.691715395112432e-05,-2266442,9
2.375,0.00011551907584739322,4.8639610883112934e-05,-819150,9
0.8222222222222222,2.4909534629302365e-05,3.029537995455693e-05,-1479550,9
1.027027027027027,7.447256763774975e-05,7.251276322623002e-05,-1016508,9
0.9795918367346939,6.183813867202597e-05,6.312643322769319e-05,-773176,9
0.8985507246376812,3.5478951539757884e-05,3.948463961682732e-05,-1740662,9
1.0,3.994990066511186e-05,3.994990066511186e-05,-922528,9
1.35,6.146421416863959e-05,4.552904753232562e-05,-1312672,9
1.0,4.005103646360791e-05,4.005103646360791e-05,-870458,9
0.9272727272727272,4.909180166912126e-05,5.294213905493469e-05,-1034796,9
1.03125,5.258503238759949e-05,5.0991546557672236e-05,-625094,9
1.8571428571428572,5.7644043596633586e-05,3.1039100398187314e-05,-1123188,9
0.9722222222222222,3.5743464052287583e-05,3.676470588235294e-05,-975360,9
1.9411764705882353,5.858386813303864e-05,3.017956843217142e-05,-1122172,9
1.1129032258064515,3.9444349168238726e-05,3.544274852798262e-05,-1742440,9
1.0555555555555556,9.384106287351213e-05,8.890205956437991e-05,-403352,9
2.2857142857142856,0.00010150191109066975,4.4407086102168015e-05,-1884172,9
1.0704225352112675,8.857034641494042e-05,8.274334994027328e-05,-854710,9
1.0,5.3053916042177864e-05,5.3053916042177864e-05,-901192,9
1.03125,0.00011482854011169686,0.00011134888738103937,-286258,9
1.0,7.028327734495986e-05,7.028327734495986e-05,-836168,9
1.1818181818181819,9.649285581740583e-05,8.164780107626646e-05,-402590,9
1.0476190476190477,0.00014283859239059863,0.00013634592910011687,-153416,9
1.75,4.707765459124826e-05,2.6901516909284723e-05,-1481074,9
1.03125,3.522367030644593e-05,3.415628635776575e-05,-933196,9
1.0909090909090908,5.7027173448148044e-05,5.227490899413571e-05,-1048004,9
1.0,4.753099961348418e-05,4.753099961348418e-05,-1907032,9
1.8070175438596492,6.0978497679264944e-05,3.3745382210855355e-05,-1682496,9
0.9583333333333334,5.4863794666285005e-05,5.7249177043080005e-05,-417576,9
3.0,0.00012337149624950652,4.112383208316884e-05,-605536,9
1.9583333333333333,0.00012173958090501723,6.216489237703007e-05,-384556,9
1.0,4.1262964109156414e-05,4.1262964109156414e-05,-627634,9
0.9354838709677419,0.00013162672476397966,0.0001407044299201162,-219456,9
1.0476190476190477,6.17128110185419e-05,5.890768324497181e-05,-355092,9
2.68,8.519620558988835e-05,3.178962895145088e-05,-1566672,9
1.0,4.8329190831262086e-05,4.8329190831262086e-05,-288544,9
1.276190476190476,8.195417905153328e-05,6.421782686873876e-05,-1628648,9
1.108695652173913,7.733952049497293e-05,6.975721456409323e-05,-656844,9
3.0,0.00012342326775443706,4.114108925147902e-05,-605282,9
1.105263157894737,6.291286568103177e-05,5.6921164187600174e-05,-332486,9
1.9722222222222223,3.185713644725625e-05,1.615291425494683e-05,-2219960,9
1.1538461538461537,5.153178222668831e-05,4.466087792979654e-05,-579882,9
1.0,3.492971574763753e-05,3.492971574763753e-05,-1055116,9
1.1538461538461537,5.153178222668831e-05,4.466087792979654e-05,-579882,9
1.0,4.1262964109156414e-05,4.1262964109156414e-05,-627634,9
1.1875,7.044734061289187e-05,5.932407630559315e-05,-1611884,9
1.0,4.967504243076541e-05,4.967504243076541e-05,-360934,9
2.3636363636363638,0.00016797493297154116,7.106631779565203e-05,-616712,9
0.8928571428571429,6.0257661761693e-05,6.748858117309615e-05,-413258,9
1.0357142857142858,4.385865414426472e-05,4.234628675997973e-05,-658622,9
1.2,5.25880850424461e-05,4.3823404202038414e-05,-795528,9
1.0,4.013301226923518e-05,4.013301226923518e-05,-868680,9
1.88,0.00012078225785727135,6.424588183897412e-05,-387604,9
2.696969696969697,0.000145485455541116,5.394404531299806e-05,-609346,9
1.0,5.3113796308591154e-05,5.3113796308591154e-05,-337566,9
1.0222222222222221,7.640497961149729e-05,7.474400179385604e-05,-599694,9
1.0,9.637934911812896e-05,9.637934911812896e-05,-465074,9
1.075,0.00012228241550427279,0.00011375108419002118,-350266,9
1.0,6.672826198542244e-05,6.672826198542244e-05,-194056,9
0.963855421686747,4.695786412155043e-05,4.871878402610857e-05,-1696974,9
1.0,4.8012208818813925e-05,4.8012208818813925e-05,-580898,9
1.0,7.414067799283832e-05,7.414067799283832e-05,-1262888,9
1.0,5.343446783831512e-05,5.343446783831512e-05,-764286,9
1.65625,0.00010343885397556501,6.245364768336001e-05,-1531112,9
0.696,5.652360347717616e-05,8.121207396146e-05,-1533144,9
1.1363636363636365,5.373484005824857e-05,4.728665925125874e-05,-926846,9
1.0166666666666666,8.664095844784854e-05,8.522061486673626e-05,-701294,9
2.2,8.297398891165785e-05,3.771544950529902e-05,-1188466,9
1.0408163265306123,0.00010209290454313425,9.808926122771722e-05,-497586,9
1.03125,5.220321287046485e-05,5.062129732893561e-05,-629666,9
1.0,6.272447629358491e-05,6.272447629358491e-05,-1159256,9
0.6792452830188679,7.014399002396587e-05,0.00010326754086861641,-1533652,9
1.0,4.8012208818813925e-05,4.8012208818813925e-05,-580898,9
1.0614525139664805,0.00017507002801120448,0.0001649343948105558,-1081024,9
2.4761904761904763,0.00016839105584430303,6.80040802448147e-05,-615188,9
1.0833333333333333,3.219814241486068e-05,2.9721362229102167e-05,-1206500,9
1.0555555555555556,5.9927456237186564e-05,5.677337959312411e-05,-947420,9
1.048780487804878,5.100648849981614e-05,4.8634093685871204e-05,-1679448,9
3.5686274509803924,0.00015741629691135386,4.411116012351125e-05,-1151636,9
1.0,4.458703005096158e-05,4.458703005096158e-05,-1429766,9
1.1578947368421053,6.200108501898783e-05,5.3546391607307676e-05,-706882,9
0.9666666666666667,1.5865721288515407e-05,1.641281512605042e-05,-1820672,9
1.146341463414634,6.078948729887733e-05,5.302912721816959e-05,-770128,9
1.4827586206896552,4.5538063996865285e-05,3.071171757928124e-05,-1881124,9
1.04,4.325871205503839e-05,4.1594915437536913e-05,-598678,9
1.0408163265306123,0.00010204081632653062,9.80392156862745e-05,-497840,9
