0.1574074074074074,34.0,12.6875,1
0.14691943127962084,-3.1000000031e-08,0.0,1
0.11518324607329843,-2.2000000022e-08,0.25,1
0.16463414634146342,-2.7000000027e-08,13.1875,1
0.10828025477707007,-1.7000000017e-08,0.25,1
0.14457831325301204,-2.4000000024e-08,4.222222222222222,1
0.0,-0.0,0.0,1
0.10526315789473684,-1.4000000014e-08,0.0,1
0.14516129032258066,-1.8000000018e-08,3.5,1
0.15286624203821655,-2.4000000024e-08,6.8,1
0.0,-0.0,0.0,1
0.15384615384615385,-1.8000000018e-08,3.7190082644628104,1
0.1565217391304348,0.72,3.84,1
0.14173228346456693,-1.8000000018e-08,2.984375,1
0.17391304347826086,-2.000000002e-08,7.338842975206611,1
0.0,-0.0,0.0,1
0.17796610169491525,-2.1000000021e-08,7.455621301775147,1
0.0,-0.0,0.0,1
0.1527777777777778,0.2727272727272727,2.25,1
0.11574074074074074,-2.5000000025e-08,0.0,1
0.14351851851851852,3.4444444444444446,1.0,1
0.11864406779661017,-1.4000000014e-08,0.888888888888889,1
0.17117117117117117,-1.9000000019e-08,6.8,1
0.18446601941747573,-1.9000000019e-08,9.10204081632653,1
0.19230769230769232,-2.000000002e-08,7.984375,1
0.11538461538461539,-1.5000000015e-08,0.0,1
0.13432835820895522,0.3829787234042553,0.25,1
0.16666666666666666,-1.7000000017e-08,4.839506172839506,1
0.20535714285714285,-2.3000000023e-08,15.040000000000003,1
0.14678899082568808,-1.6000000016e-08,3.9599999999999995,1
0.0,-0.0,0.0,1
0.13861386138613863,-1.4000000014e-08,2.25,1
0.10655737704918032,4.333333333333333,0.0,1
0.12631578947368421,-1.2000000012e-08,0.4,1
0.18446601941747573,-1.9000000019e-08,5.65432098765432,1
0.13541666666666666,1.3,1.2,1
0.136,-1.7000000017e-08,0.0,1
0.0,-0.0,0.0,1
0.13402061855670103,6.5,1.2222222222222223,1
0.1553398058252427,-1.6000000016e-08,3.21,1
0.13636363636363635,-1.8000000018e-08,2.4,1
0.13414634146341464,7.333333333333333,4.25,1
0.17894736842105263,1.8888888888888888,4.236686390532544,1
0.14691943127962084,4.428571428571429,0.0,1
0.14218009478672985,-3.000000003e-08,0.0,1
0.0,-0.0,0.0,1
0.14285714285714285,-1.7000000017e-08,4.1875,1
0.17708333333333334,1.5454545454545454,5.916897506925208,1
0.28,-3.5000000035e-08,47.95918367346939,1
0.12041884816753927,-2.3000000023e-08,2.25,1
0.10471204188481675,0.2777777777777778,0.0,1
0.1566265060240964,-1.3000000013e-08,2.625,1
0.12179487179487179,3.1666666666666665,2.25,1
0.125,-1.4000000014e-08,0.8,1
0.16463414634146342,1.2857142857142858,9.959183673469388,1
0.1402439024390244,-2.3000000023e-08,6.159999999999999,1
0.16463414634146342,0.40298507462686567,20.222222222222218,1
0.21176470588235294,-1.8000000018e-08,9.206597222222221,1
0.10191082802547771,-1.6000000016e-08,0.0,1
0.10828025477707007,4.25,0.0,1
0.0,0.0,0.0,1
0.12048192771084337,20.0,1.0,1
0.10843373493975904,-1.8000000018e-08,0.0,1
0.14960629921259844,0.6333333333333333,6.5,1
0.12650602409638553,7.0,0.0,1
0.0,0.0,0.0,1
0.0,-0.0,0.0,1
0.14814814814814814,-1.6000000016e-08,3.0617283950617282,1
0.0,0.0,0.0,1
0.128,-1.6000000016e-08,0.5,1
0.14814814814814814,-1.6000000016e-08,3.7600000000000002,1
0.19444444444444445,-2.1000000021e-08,11.9375,1
0.11290322580645161,-1.4000000014e-08,0.25,1
0.12096774193548387,15.0,0.2222222222222222,1
0.12096774193548387,15.0,0.888888888888889,1
0.22727272727272727,-2.000000002e-08,9.74609375,1
0.16346153846153846,-1.7000000017e-08,5.76,1
0.20202020202020202,-2.000000002e-08,10.576388888888888,1
0.13675213675213677,-1.6000000016e-08,2.2399999999999998,1
0.1623931623931624,-1.9000000019e-08,6.583333333333333,1
0.13675213675213677,0.37209302325581395,1.0612244897959182,1
0.14035087719298245,-1.6000000016e-08,1.4899999999999998,1
0.23478260869565218,27.0,36.1875,1
0.14173228346456693,-1.8000000018e-08,3.6875,1
0.14960629921259844,-1.9000000019e-08,3.44,1
0.2,-2.3000000023e-08,16.56,1
0.1565217391304348,4.5,6.0,1
0.13385826771653545,17.0,2.6875,1
0.16521739130434782,0.9047619047619048,9.555555555555555,1
0.22666666666666666,-1.7000000017e-08,7.040000000000001,1
0.1792452830188679,19.0,5.346938775510204,1
0.10256410256410256,-1.2000000012e-08,0.0,1
0.0,0.0,0.0,1
0.1595744680851064,-1.5000000015e-08,2.734375,1
0.0,0.0,0.0,1
0.17796610169491525,0.9545454545454546,7.061728395061728,1
0.17796610169491525,1.9090909090909092,9.583333333333334,1
0.0,0.0,0.0,1
0.0,0.0,0.0,1
0.1271186440677966,0.38461538461538464,0.6666666666666666,1
0.0,0.0,0.0,1
0.19642857142857142,-2.2000000022e-08,14.1875,1
0.2894736842105263,-3.3000000033e-08,50.25,1
0.15315315315315314,0.29310344827586204,0.0,1
0.15315315315315314,-1.7000000017e-08,2.25,1
0.1891891891891892,0.875,0.0,1
0.12612612612612611,-1.4000000014e-08,1.0,1
0.1568627450980392,-1.6000000016e-08,3.111111111111111,1
0.21333333333333335,-1.6000000016e-08,8.923469387755103,1
0.21333333333333335,-1.6000000016e-08,8.923469387755103,1
0.1941747572815534,0.5,12.24,1
0.13592233009708737,-1.4000000014e-08,1.6875,1
0.18269230769230768,19.0,6.222222222222221,1
0.18269230769230768,-1.9000000019e-08,9.555555555555555,1
0.18446601941747573,-1.9000000019e-08,8.1875,1
0.19230769230769232,0.36363636363636365,5.039999999999999,1
0.16666666666666666,0.3269230769230769,6.888888888888888,1
0.14705882352941177,-1.5000000015e-08,2.5,1
0.0,0.0,0.0,1
0.125,-1.4000000014e-08,1.0,1
0.15178571428571427,0.32075471698113206,3.1875,1
0.10091743119266056,-1.1000000011e-08,0.0,1
0.1651376146788991,1.0,8.222222222222221,1
0.24444444444444444,22.0,9.454081632653061,1
0.15178571428571427,0.4594594594594595,3.6875,1
0.1651376146788991,18.0,8.1875,1
0.1927710843373494,-1.6000000016e-08,4.46484375,1
0.1188118811881188,-1.2000000012e-08,0.0,1
0.1188118811881188,12.0,0.2222222222222222,1
0.13861386138613863,1.1666666666666667,2.25,1
0.11578947368421053,1.8333333333333333,0.25,1
0.11578947368421053,-1.1000000011e-08,0.25,1
0.18446601941747573,9.5,8.583333333333334,1
0.18446601941747573,-1.9000000019e-08,5.5,1
0.12631578947368421,12.0,0.6666666666666666,1
0.1262135922330097,6.5,0.5306122448979591,1
0.11458333333333333,11.0,0.0,1
0.13541666666666666,1.3,1.5555555555555556,1
0.1717171717171717,-1.7000000017e-08,4.429752066115703,1
0.11458333333333333,5.5,0.25,1
0.19753086419753085,-1.6000000016e-08,4.51530612244898,1
0.14457831325301204,-1.2000000012e-08,1.3333333333333333,1
0.16326530612244897,16.0,5.359999999999999,1
0.14953271028037382,3.2,3.0,1
0.12396694214876033,-1.5000000015e-08,1.0,1
0.18181818181818182,-1.4000000014e-08,3.3580246913580245,1
0.1686746987951807,-1.4000000014e-08,3.25,1
0.18518518518518517,-1.5000000015e-08,3.0415512465373964,1
0.11702127659574468,-1.1000000011e-08,0.15999999999999998,1
0.14393939393939395,6.333333333333333,2.25,1
0.13636363636363635,0.43902439024390244,2.4,1
0.0,0.0,0.0,1
0.16071428571428573,-1.8000000018e-08,4.222222222222222,1
0.10975609756097561,0.4864864864864865,0.0,1
0.15789473684210525,7.5,3.3333333333333335,1
0.1553398058252427,8.0,4.222222222222222,1
0.12371134020618557,0.4444444444444444,0.25,1
0.1927710843373494,-1.6000000016e-08,4.221453287197231,1
0.22535211267605634,16.0,5.0519031141868505,1
0.16470588235294117,-1.4000000014e-08,2.380165289256198,1
0.21428571428571427,-1.5000000015e-08,4.0,1
0.18681318681318682,-1.7000000017e-08,6.489795918367347,1
0.15,-1.2000000012e-08,1.44,1
0.17708333333333334,1.1333333333333333,5.061728395061729,1
0.15625,0.38461538461538464,4.25,1
0.16666666666666666,-1.3000000013e-08,3.2399999999999998,1
0.17708333333333334,0.2786885245901639,5.6,1
0.18439716312056736,-2.6000000026e-08,17.6875,1
0.18421052631578946,-1.4000000014e-08,5.061224489795918,1
0.1935483870967742,-1.8000000018e-08,7.138888888888889,1
0.13253012048192772,0.15714285714285714,0.6666666666666666,1
0.14457831325301204,-1.2000000012e-08,1.5,1
0.18823529411764706,-1.6000000016e-08,6.109375,1
0.2,-1.3000000013e-08,2.9375,1
0.16470588235294117,0.208955223880597,2.7430555555555554,1
0.21176470588235294,-1.8000000018e-08,6.995555555555555,1
0.2235294117647059,1.0555555555555556,11.888888888888891,1
0.18421052631578946,-1.4000000014e-08,3.658163265306122,1
0.23880597014925373,-1.6000000016e-08,5.896193771626297,1
0.15789473684210525,-1.2000000012e-08,1.867768595041322,1
0.22666666666666666,4.25,4.630165289256198,1
0.2987012987012987,-2.3000000023e-08,13.147928994082841,1
0.18055555555555555,-1.3000000013e-08,2.87603305785124,1
0.25757575757575757,-1.7000000017e-08,5.9208984375,1
0.18461538461538463,-1.2000000012e-08,2.484375,1
0.1941747572815534,1.3333333333333333,9.36,1
0.20512820512820512,-1.6000000016e-08,7.25,1
0.22857142857142856,-1.6000000016e-08,5.044982698961938,1
0.25,14.0,7.088385682980277,1
0.21875,14.0,6.148760330578512,1
0.0,-0.0,0.0,2
0.0,0.0,0.0,2
0.0,-0.0,0.0,2
0.10309278350515463,-1.000000001e-08,0.0,2
0.0,-0.0,0.0,2
0.10204081632653061,10.0,0.0,2
0.0,-0.0,0.0,2
0.10204081632653061,-1.000000001e-08,0.0,2
0.10526315789473684,-1.000000001e-08,0.0,2
0.0,-0.0,0.0,2
0.0,-0.0,0.0,2
0.11578947368421053,-1.1000000011e-08,0.25,2
0.10309278350515463,-1.000000001e-08,0.0,2
0.10638297872340426,-1.000000001e-08,0.0,2
0.0,-0.0,0.0,2
0.11627906976744186,-1.000000001e-08,0.25,2
0.10989010989010989,-1.000000001e-08,0.0,2
0.0,-0.0,0.0,2
0.10752688172043011,-1.000000001e-08,0.0,2
0.0,-0.0,0.0,2
0.10752688172043011,-1.000000001e-08,0.0,2
0.10989010989010989,-1.000000001e-08,0.0,2
0.0,-0.0,0.0,2
0.0,-0.0,0.0,2
0.0,-0.0,0.0,2
0.10204081632653061,-1.000000001e-08,0.0,2
0.0,-0.0,0.0,2
0.11235955056179775,-1.000000001e-08,0.15999999999999998,2
0.10752688172043011,-1.000000001e-08,0.0,2
0.0,-0.0,0.0,2
0.0,-0.0,0.0,2
0.10989010989010989,-1.000000001e-08,0.0,2
0.0,-0.0,0.0,2
0.10101010101010101,-1.000000001e-08,0.0,2
0.11827956989247312,-1.1000000011e-08,0.2222222222222222,2
0.10891089108910891,-1.1000000011e-08,0.0,2
0.1282051282051282,-1.000000001e-08,0.41000000000000003,2
0.10752688172043011,-1.000000001e-08,0.0,2
0.0,-0.0,0.0,2
0.0,-0.0,0.0,2
0.0,-0.0,0.0,2
0.10101010101010101,-1.000000001e-08,0.0,2
0.10638297872340426,-1.000000001e-08,0.0,2
0.0,-0.0,0.0,2
0.10752688172043011,-1.000000001e-08,0.0,2
0.0,-0.0,0.0,2
0.12658227848101267,-1.000000001e-08,0.484375,2
0.10526315789473684,-1.000000001e-08,0.0,2
0.0,-0.0,0.0,2
0.11627906976744186,-1.000000001e-08,0.25,2
0.12,-9.000000009e-09,0.15999999999999998,2
0.0,-0.0,0.0,2
0.1111111111111111,-1.000000001e-08,0.0,2
0.0,-0.0,0.0,2
0.10752688172043011,-1.000000001e-08,0.0,2
0.10869565217391304,-1.000000001e-08,0.0,2
0.10526315789473684,-1.000000001e-08,0.0,2
0.10416666666666667,-1.000000001e-08,0.0,2
0.11235955056179775,0.7692307692307693,0.13888888888888887,2
0.0,-0.0,0.0,2
0.0,-0.0,0.0,2
0.10638297872340426,-1.000000001e-08,0.0,2
0.1111111111111111,-1.000000001e-08,0.0,2
0.0,-0.0,0.0,2
0.12195121951219512,-1.000000001e-08,0.25,2
0.10638297872340426,1.6666666666666667,0.0,2
0.0,-0.0,0.0,2
0.0,-0.0,0.0,2
0.125,-1.2000000012e-08,0.0,2
0.0,-0.0,0.0,2
0.1111111111111111,10.0,0.0,2
0.0,-0.0,0.0,2
0.10638297872340426,-1.000000001e-08,0.0,2
0.10638297872340426,-1.000000001e-08,0.0,2
0.10526315789473684,-1.000000001e-08,0.0,2
0.0,-0.0,0.0,2
0.10752688172043011,-1.000000001e-08,0.0,2
0.10526315789473684,-1.000000001e-08,0.0,2
0.11363636363636363,-1.000000001e-08,0.25,2
0.10638297872340426,1.4285714285714286,0.0,2
0.0,-0.0,0.0,2
0.10526315789473684,-1.000000001e-08,0.0,2
0.0,-0.0,0.0,2
0.10416666666666667,-1.000000001e-08,0.0,2
0.10989010989010989,-1.000000001e-08,0.0,2
0.0,-0.0,0.0,2
0.11235955056179775,-1.000000001e-08,0.25,2
0.10526315789473684,1.4285714285714286,0.0,2
0.11494252873563218,-1.000000001e-08,0.13888888888888887,2
0.10638297872340426,-1.000000001e-08,0.0,2
0.0,-0.0,0.0,2
0.11235955056179775,-1.000000001e-08,0.1875,2
0.0,-0.0,0.0,2
0.0,-0.0,0.0,2
0.1111111111111111,-1.000000001e-08,0.0,2
0.10227272727272728,0.2571428571428571,0.0,2
0.10416666666666667,-1.000000001e-08,0.0,2
0.0,-0.0,0.0,2
0.0,-0.0,0.0,2
0.0,-0.0,0.0,2
0.11764705882352941,-1.000000001e-08,0.2222222222222222,2
0.10975609756097561,-9.000000009e-09,0.0,2
0.11627906976744186,1.6666666666666667,0.25,2
0.0,0.0,0.0,2
0.10526315789473684,-1.000000001e-08,0.0,2
0.0,-0.0,0.0,2
0.0,-0.0,0.0,2
0.10869565217391304,-1.000000001e-08,0.0,2
0.10204081632653061,-1.000000001e-08,0.0,2
0.0,0.0,0.0,2
0.10526315789473684,-1.000000001e-08,0.0,2
0.0,-0.0,0.0,2
0.0,-0.0,0.0,2
0.10638297872340426,-1.000000001e-08,0.0,2
0.11627906976744186,-1.000000001e-08,0.0,2
0.0,-0.0,0.0,2
0.11235955056179775,-1.000000001e-08,0.25,2
0.0,-0.0,0.0,2
0.11764705882352941,-1.000000001e-08,0.25,2
0.10112359550561797,-9.000000009e-09,0.0,2
0.10101010101010101,-1.000000001e-08,0.0,2
0.10416666666666667,-1.000000001e-08,0.0,2
0.11904761904761904,-1.000000001e-08,0.25,2
0.11235955056179775,-1.000000001e-08,0.22222222222222224,2
0.11235955056179775,-1.000000001e-08,0.0,2
0.10309278350515463,-1.000000001e-08,0.0,2
0.0,-0.0,0.0,2
0.12631578947368421,-1.2000000012e-08,0.888888888888889,2
0.0,-0.0,0.0,2
0.10416666666666667,-1.000000001e-08,0.0,2
0.0,-0.0,0.0,2
0.10465116279069768,-9.000000009e-09,0.0,2
0.10752688172043011,-1.000000001e-08,0.0,2
0.10869565217391304,-1.000000001e-08,0.0,2
0.0,-0.0,0.0,2
0.10309278350515463,-1.000000001e-08,0.0,2
0.11764705882352941,-1.000000001e-08,0.25,2
0.11458333333333333,-1.1000000011e-08,0.0,2
0.10843373493975904,-9.000000009e-09,0.0,2
0.0,-0.0,0.0,2
0.0,-0.0,0.0,2
0.11627906976744186,-1.000000001e-08,0.25,2
0.10869565217391304,-1.000000001e-08,0.0,2
0.1111111111111111,-1.000000001e-08,0.0,2
0.1111111111111111,-1.000000001e-08,0.0,2
0.10869565217391304,-1.000000001e-08,0.0,2
0.10869565217391304,-1.000000001e-08,0.0,2
0.0,-0.0,0.0,2
0.10112359550561797,-9.000000009e-09,0.0,2
0.1111111111111111,-1.000000001e-08,0.0,2
0.11363636363636363,-1.000000001e-08,0.1875,2
0.10227272727272728,-9.000000009e-09,0.0,2
0.11494252873563218,-1.000000001e-08,0.25,2
0.1111111111111111,-1.000000001e-08,0.0,2
0.10752688172043011,-1.000000001e-08,0.0,2
0.12658227848101267,-1.000000001e-08,0.4722222222222223,2
0.11235955056179775,-1.000000001e-08,0.1875,2
0.0,-0.0,0.0,2
0.11764705882352941,-1.000000001e-08,0.24000000000000005,2
0.11494252873563218,-1.000000001e-08,0.24000000000000005,2
0.10416666666666667,-1.000000001e-08,0.0,2
0.15463917525773196,-1.5000000015e-08,4.0,2
0.11904761904761904,-1.000000001e-08,0.25,2
0.0,-0.0,0.0,2
0.0,-0.0,0.0,2
0.0,-0.0,0.0,2
0.10344827586206896,-9.000000009e-09,0.0,2
0.10227272727272728,-9.000000009e-09,0.0,2
0.15463917525773196,-1.5000000015e-08,4.666666666666667,2
0.11363636363636363,-1.000000001e-08,0.15999999999999998,2
0.12195121951219512,-1.000000001e-08,0.25,2
0.10227272727272728,-9.000000009e-09,0.0,2
0.12643678160919541,11.0,0.5306122448979591,2
0.0,-0.0,0.0,2
0.10309278350515463,-1.000000001e-08,0.0,2
0.10416666666666667,-1.000000001e-08,0.0,2
0.0,-0.0,0.0,2
0.10465116279069768,-9.000000009e-09,0.0,2
0.0,-0.0,0.0,2
0.10227272727272728,-9.000000009e-09,0.0,2
0.0,-0.0,0.0,2
0.14457831325301204,-1.2000000012e-08,1.5555555555555556,2
0.10344827586206896,-9.000000009e-09,0.0,2
0.10810810810810811,-8.000000008e-09,0.0,2
0.10526315789473684,-1.000000001e-08,0.0,2
0.11494252873563218,-1.000000001e-08,0.25,2
0.1111111111111111,-1.000000001e-08,0.0,2
0.10638297872340426,-1.000000001e-08,0.0,2
0.10638297872340426,-1.000000001e-08,0.0,2
0.10465116279069768,-9.000000009e-09,0.0,2
0.0,-0.0,0.0,3
0.11403508771929824,26.0,0.0,3
0.10294117647058823,-2.1000000021e-08,0.0,3
0.12307692307692308,-2.4000000024e-08,0.0,3
0.116,-2.9000000029e-08,0.0,3
0.15833333333333333,-1.9000000019e-08,9.0,3
0.13068181818181818,-2.3000000023e-08,0.0,3
0.12222222222222222,-2.2000000022e-08,2.25,3
0.1419753086419753,-2.3000000023e-08,9.0,3
0.0,-0.0,0.0,3
0.0,-0.0,0.0,3
0.10666666666666667,-1.6000000016e-08,0.0,3
0.3442622950819672,-4.2000000042e-08,68.55999999999999,3
0.2248062015503876,-2.9000000029e-08,20.666666666666668,3
0.18571428571428572,-2.6000000026e-08,10.959999999999999,3
0.16521739130434782,-1.9000000019e-08,0.25,3
0.17261904761904762,-2.9000000029e-08,0.0,3
0.208,-2.6000000026e-08,21.44,3
0.13636363636363635,-2.1000000021e-08,0.25,3
0.17886178861788618,-2.2000000022e-08,10.6875,3
0.3504273504273504,-4.1000000041e-08,72.00999999999999,3
0.23529411764705882,-2.4000000024e-08,27.555555555555554,3
0.1717171717171717,-1.7000000017e-08,4.469135802469136,3
0.16666666666666666,-1.8000000018e-08,12.25,3
0.15178571428571427,-1.7000000017e-08,3.346938775510204,3
0.17647058823529413,-2.1000000021e-08,12.555555555555555,3
0.15833333333333333,-1.9000000019e-08,6.888888888888888,3
0.11666666666666667,0.875,0.0,3
0.12222222222222222,-2.2000000022e-08,0.0,3
0.0,0.0,0.0,3
0.10555555555555556,0.6785714285714286,0.0,3
0.2169811320754717,-2.3000000023e-08,23.836734693877553,3
0.29411764705882354,-3.000000003e-08,33.111111111111114,3
0.23076923076923078,-2.7000000027e-08,41.1875,3
0.18840579710144928,-2.6000000026e-08,25.6875,3
0.2,-2.1000000021e-08,8.354166666666666,3
0.24817518248175183,-3.4000000034e-08,80.88888888888889,3
0.11206896551724138,6.5,0.0,3
0.12422360248447205,-2.000000002e-08,0.0,3
0.12422360248447205,-2.000000002e-08,0.0,3
0.16447368421052633,-2.5000000025e-08,0.0,3
0.0,-0.0,0.0,3
0.16447368421052633,0.2777777777777778,0.0,3
0.15476190476190477,-1.3000000013e-08,2.6666666666666665,3
0.17985611510791366,12.5,30.25,3
0.19753086419753085,-1.6000000016e-08,2.888888888888888,3
0.0,-0.0,0.0,3
0.20454545454545456,-2.7000000027e-08,21.04,3
0.13333333333333333,-1.000000001e-08,0.5,3
0.22988505747126436,-2.000000002e-08,10.854166666666666,3
0.12056737588652482,5.666666666666667,0.22222222222222224,3
0.1951219512195122,-1.6000000016e-08,2.0,3
0.2926829268292683,-2.4000000024e-08,28.77551020408163,3
0.1794871794871795,-1.4000000014e-08,2.2448979591836737,3
0.19148936170212766,-1.8000000018e-08,6.0,3
0.1875,-1.8000000018e-08,9.555555555555555,3
0.14814814814814814,-1.2000000012e-08,0.5833333333333334,3
0.2976190476190476,-2.5000000025e-08,27.0,3
0.18518518518518517,-1.5000000015e-08,4.0,3
0.11538461538461539,-1.2000000012e-08,0.0,3
0.17204301075268819,0.22535211267605634,2.5833333333333335,3
0.14444444444444443,-1.3000000013e-08,2.25,3
0.2345679012345679,-1.9000000019e-08,10.330578512396693,3
0.16831683168316833,-1.7000000017e-08,3.6,3
0.23255813953488372,-2.000000002e-08,23.439999999999998,3
0.0,0.0,0.0,3
0.0,-0.0,0.0,3
0.0,-0.0,0.0,3
0.16049382716049382,-1.3000000013e-08,1.8399999999999999,3
0.17482517482517482,0.29069767441860467,0.0,3
0.2777777777777778,-2.000000002e-08,10.805555555555555,3
0.0,-0.0,0.0,3
0.34375,-3.3000000033e-08,53.4375,3
0.20491803278688525,0.352112676056338,17.360000000000003,3
0.16393442622950818,-2.000000002e-08,6.1875,3
0.17391304347826086,-1.2000000012e-08,2.01,3
0.3360655737704918,1.5185185185185186,92.47222222222223,3
0.2692307692307692,-2.1000000021e-08,15.652892561983471,3
0.21839080459770116,-1.9000000019e-08,10.5,3
0.1935483870967742,18.0,11.1875,3
0.2248062015503876,1.6111111111111112,4.0,3
0.3333333333333333,-2.2000000022e-08,21.29,3
0.13043478260869565,-1.2000000012e-08,1.0,3
0.2345679012345679,-1.9000000019e-08,12.530612244897958,3
0.3815789473684211,-2.9000000029e-08,34.74305555555555,3
0.3561643835616438,-2.6000000026e-08,41.484375,3
0.3194444444444444,-2.3000000023e-08,24.472222222222218,3
0.18571428571428572,0.43333333333333335,18.6875,3
0.17142857142857143,-2.4000000024e-08,0.25,3
0.1565217391304348,18.0,0.0,3
0.0,-0.0,0.0,3
0.16521739130434782,3.8,1.0,3
0.16363636363636364,-1.8000000018e-08,6.1875,3
0.18811881188118812,-1.9000000019e-08,9.0,3
0.2716049382716049,-2.2000000022e-08,20.805555555555554,3
0.20689655172413793,-1.8000000018e-08,9.9375,3
0.24,-2.4000000024e-08,36.0,3
0.1527777777777778,-1.1000000011e-08,1.8399999999999999,3
0.17582417582417584,-1.6000000016e-08,6.222222222222221,3
0.232,0.453125,26.1875,3
0.208,-2.6000000026e-08,30.25,3
0.224,-2.8000000028e-08,29.555555555555554,3
0.18823529411764706,-1.6000000016e-08,6.959999999999999,3
0.0,-0.0,0.0,3
0.23880597014925373,-1.6000000016e-08,14.64,3
0.2465753424657534,-1.8000000018e-08,9.109375,3
0.13095238095238096,-1.1000000011e-08,0.25,3
0.27906976744186046,24.0,21.6875,3
0.2602739726027397,-1.9000000019e-08,13.05785123966942,3
0.2988505747126437,-2.6000000026e-08,30.77551020408163,3
0.0,-0.0,0.0,3
0.17886178861788618,-2.2000000022e-08,6.25,3
0.13008130081300814,16.0,2.25,3
0.1452991452991453,0.3695652173913043,2.888888888888889,3
0.3504273504273504,-4.1000000041e-08,132.25,3
0.19658119658119658,2.3,22.6875,3
0.0,0.0,0.0,3
0.0,-0.0,0.0,3
0.0,0.0,0.0,3
0.23529411764705882,24.0,29.555555555555557,3
0.13131313131313133,-1.3000000013e-08,1.6875,3
0.1414141414141414,0.2692307692307692,1.25,3
0.1717171717171717,0.85,7.387755102040816,3
0.15178571428571427,-1.7000000017e-08,2.96,3
0.14285714285714285,8.0,1.8399999999999999,3
0.23529411764705882,0.6363636363636364,32.96,3
0.14285714285714285,8.0,2.2857142857142856,3
0.1092436974789916,-1.3000000013e-08,0.0,3
0.16666666666666666,-1.4000000014e-08,0.0,3
0.12222222222222222,-1.1000000011e-08,0.25,3
0.36,-2.7000000027e-08,29.555555555555557,3
0.20754716981132076,-2.2000000022e-08,16.64,3
0.20754716981132076,-2.2000000022e-08,13.6875,3
0.19753086419753085,-1.6000000016e-08,3.7777777777777777,3
0.22641509433962265,12.0,25.0,3
0.29411764705882354,2.142857142857143,40.47222222222222,3
0.29411764705882354,-3.000000003e-08,27.95918367346938,3
0.12745098039215685,13.0,0.25,3
0.2638888888888889,-1.9000000019e-08,12.181818181818182,3
0.2839506172839506,-2.3000000023e-08,12.25,3
0.2549019607843137,-1.3000000013e-08,4.1398865784499055,3
0.18681318681318682,-1.7000000017e-08,5.666666666666667,3
0.14285714285714285,-1.2000000012e-08,0.25,3
0.13095238095238096,0.2619047619047619,1.0,3
0.1791044776119403,-1.2000000012e-08,4.333333333333333,3
0.10714285714285714,0.34615384615384615,0.0,3
0.3111111111111111,-1.4000000014e-08,5.111111111111111,3
0.22950819672131148,-1.4000000014e-08,4.346938775510204,3
0.16049382716049382,1.0833333333333333,0.4,3
0.20987654320987653,0.2463768115942029,16.0,3
0.15384615384615385,-1.2000000012e-08,0.6938775510204082,3
0.2222222222222222,-1.6000000016e-08,7.551020408163266,3
0.13333333333333333,-1.000000001e-08,0.6875,3
0.1794871794871795,7.0,3.138888888888889,3
0.1794871794871795,0.4375,3.222222222222222,3
0.15476190476190477,-1.3000000013e-08,1.0,3
0.5324675324675324,1.0,185.25,3
0.1875,3.6,16.0,3
0.2909090909090909,-1.6000000016e-08,9.836734693877554,3
0.18032786885245902,-1.1000000011e-08,2.0,3
0.10576923076923077,11.0,0.0,3
0.0,0.0,0.0,3
0.10666666666666667,-8.000000008e-09,0.0,3
0.15492957746478872,5.5,1.138888888888889,3
0.0,-0.0,0.0,3
0.125,-8.000000008e-09,0.24000000000000005,3
0.25842696629213485,-2.3000000023e-08,22.555555555555557,3
0.3055555555555556,22.0,20.48979591836735,3
0.1794871794871795,-1.4000000014e-08,2.4375,3
0.10294117647058823,-7.000000007e-09,0.0,3
0.13333333333333333,0.43478260869565216,0.5833333333333334,3
0.3194444444444444,23.0,46.888888888888886,3
0.22666666666666666,-1.7000000017e-08,13.6875,3
0.2807017543859649,-1.6000000016e-08,9.673469387755102,3
0.15873015873015872,-1.000000001e-08,0.9375,3
0.14035087719298245,-8.000000008e-09,0.0,3
0.1320754716981132,-7.000000007e-09,0.12244897959183676,3
0.16,-8.000000008e-09,0.3333333333333333,3
0.14545454545454545,-8.000000008e-09,1.0,3
0.22,-1.1000000011e-08,3.142857142857143,3
0.0,-0.0,0.0,4
0.0,-0.0,0.0,4
0.10112359550561797,-1.8000000018e-08,0.0,4
0.1308411214953271,-2.8000000028e-08,0.0,4
0.11734693877551021,-2.3000000023e-08,0.0,4
0.12105263157894737,-2.3000000023e-08,2.25,4
0.2236842105263158,-3.4000000034e-08,65.25,4
0.0,-0.0,0.0,4
0.12637362637362637,-2.3000000023e-08,0.0,4
0.0,0.0,0.0,4
0.0,0.0,0.0,4
0.1958041958041958,-2.8000000028e-08,18.16,4
0.10300429184549356,-2.4000000024e-08,0.0,4
0.1590909090909091,-2.8000000028e-08,18.1875,4
0.1111111111111111,-1.8000000018e-08,0.0,4
0.14,-2.8000000028e-08,0.0,4
0.2230769230769231,-2.9000000029e-08,33.583333333333336,4
0.13529411764705881,-2.3000000023e-08,2.25,4
0.0,-0.0,0.0,4
0.1590909090909091,-2.8000000028e-08,0.0,4
0.1111111111111111,-1.7000000017e-08,0.0,4
0.20454545454545456,-2.7000000027e-08,8.222222222222223,4
0.10526315789473684,-1.6000000016e-08,0.0,4
0.2014388489208633,-2.8000000028e-08,10.888888888888891,4
0.1386861313868613,9.5,2.0246913580246915,4
0.25735294117647056,-3.5000000035e-08,60.24000000000001,4
0.13636363636363635,-1.8000000018e-08,2.25,4
0.16265060240963855,-2.7000000027e-08,12.25,4
0.0,-0.0,0.0,4
0.15436241610738255,-2.3000000023e-08,10.888888888888888,4
0.0,0.0,0.0,4
0.0,-0.0,0.0,4
0.10303030303030303,-1.7000000017e-08,0.0,4
0.13559322033898305,-1.6000000016e-08,3.4722222222222228,4
0.10526315789473684,-1.2000000012e-08,0.0,4
0.29245283018867924,-3.1000000031e-08,39.5,4
0.1111111111111111,-1.6000000016e-08,0.0,4
0.14634146341463414,-1.8000000018e-08,4.959999999999999,4
0.0,-0.0,0.0,4
0.1532258064516129,-1.9000000019e-08,6.25,4
0.2897196261682243,-3.1000000031e-08,61.0,4
0.1328125,-1.7000000017e-08,2.8888888888888893,4
0.14084507042253522,20.0,3.7599999999999993,4
0.14285714285714285,-1.8000000018e-08,2.472222222222222,4
0.0,-0.0,0.0,4
0.16279069767441862,-2.1000000021e-08,0.6666666666666666,4
0.13709677419354838,-1.7000000017e-08,2.222222222222222,4
0.10619469026548672,-1.2000000012e-08,0.0,4
0.11711711711711711,-1.3000000013e-08,0.25,4
0.14285714285714285,-1.8000000018e-08,1.0,4
0.2962962962962963,-3.2000000032e-08,54.40816326530613,4
0.3287671232876712,-2.4000000024e-08,23.33984375,4
0.18072289156626506,-1.5000000015e-08,3.7142857142857144,4
0.1590909090909091,-1.4000000014e-08,3.333333333333333,4
0.0,-0.0,0.0,4
0.1956521739130435,-1.8000000018e-08,8.555555555555555,4
0.14393939393939395,-1.9000000019e-08,2.888888888888889,4
0.14545454545454545,-1.6000000016e-08,2.0246913580246915,4
0.25882352941176473,-2.2000000022e-08,11.274691358024693,4
0.0,-0.0,0.0,4
0.20212765957446807,-1.9000000019e-08,6.6115702479338845,4
0.0,-0.0,0.0,4
0.17777777777777778,-1.6000000016e-08,4.098765432098765,4
0.175,-1.4000000014e-08,2.9375,4
0.22784810126582278,-1.8000000018e-08,3.728395061728395,4
0.28205128205128205,-2.2000000022e-08,18.01,4
0.2564102564102564,-2.000000002e-08,14.545454545454545,4
0.12149532710280374,-1.3000000013e-08,0.4081632653061224,4
0.11214953271028037,-1.2000000012e-08,0.2222222222222222,4
0.18085106382978725,-1.7000000017e-08,8.204081632653063,4
0.20212765957446807,-1.9000000019e-08,11.555555555555555,4
0.21978021978021978,-2.000000002e-08,11.63265306122449,4
0.25333333333333335,-1.9000000019e-08,16.520833333333332,4
0.11403508771929824,-1.3000000013e-08,0.0,4
0.17142857142857143,-1.8000000018e-08,5.666666666666667,4
0.21518987341772153,-1.7000000017e-08,9.836734693877549,4
0.1875,-1.8000000018e-08,4.0,4
0.14942528735632185,-1.3000000013e-08,1.8399999999999999,4
0.24210526315789474,-2.3000000023e-08,17.13888888888889,4
0.16161616161616163,-1.6000000016e-08,5.551020408163266,4
0.13725490196078433,-1.4000000014e-08,0.888888888888889,4
0.40476190476190477,-3.4000000034e-08,55.55555555555555,4
0.3013698630136986,-2.2000000022e-08,18.1875,4
0.21176470588235294,-1.8000000018e-08,7.25,4
0.13541666666666666,-1.3000000013e-08,1.0,4
0.2625,-2.1000000021e-08,24.88888888888889,4
0.13541666666666666,-1.3000000013e-08,1.6,4
0.3333333333333333,-2.8000000028e-08,32.48979591836735,4
0.1134020618556701,-1.1000000011e-08,0.0,4
0.1792452830188679,-1.9000000019e-08,12.666666666666666,4
0.19801980198019803,-2.000000002e-08,2.8888888888888893,4
0.2,-1.6000000016e-08,6.666666666666667,4
0.1839080459770115,-1.6000000016e-08,4.56,4
0.17757009345794392,-1.9000000019e-08,8.16,4
0.20212765957446807,-1.9000000019e-08,14.0,4
0.2087912087912088,-1.9000000019e-08,13.555555555555555,4
0.25,-1.8000000018e-08,9.2,4
0.23300970873786409,-2.4000000024e-08,16.805555555555557,4
0.13333333333333333,-1.4000000014e-08,1.0,4
0.28888888888888886,-2.6000000026e-08,39.25,4
0.1875,-1.8000000018e-08,4.25,4
0.2619047619047619,22.0,24.469135802469136,4
0.14457831325301204,-1.2000000012e-08,1.0399999999999998,4
0.0,-0.0,0.0,4
0.16279069767441862,-1.4000000014e-08,1.859375,4
0.2,-1.8000000018e-08,6.75,4
0.2535211267605634,-1.8000000018e-08,13.4375,4
0.11688311688311688,-9.000000009e-09,0.2222222222222222,4
0.14893617021276595,-1.4000000014e-08,2.6875,4
0.30666666666666664,-2.3000000023e-08,24.363636363636363,4
0.18823529411764706,-1.6000000016e-08,6.839506172839506,4
0.17391304347826086,-1.6000000016e-08,4.666666666666667,4
0.2,-1.4000000014e-08,2.739795918367346,4
0.14754098360655737,-1.8000000018e-08,1.5555555555555554,4
0.2948717948717949,-2.3000000023e-08,14.959999999999999,4
0.1978021978021978,-1.8000000018e-08,7.888888888888889,4
0.3194444444444444,-2.3000000023e-08,35.25,4
0.16,-1.2000000012e-08,1.8347107438016528,4
0.16883116883116883,-1.3000000013e-08,3.984375,4
0.25,-1.8000000018e-08,10.359375,4
0.1282051282051282,-1.000000001e-08,0.9375,4
0.13043478260869565,-1.2000000012e-08,0.6875,4
0.14634146341463414,-1.2000000012e-08,0.1875,4
0.15942028985507245,-1.1000000011e-08,1.7142857142857142,4
0.18604651162790697,-1.6000000016e-08,6.722222222222222,4
0.13513513513513514,-1.000000001e-08,0.20408163265306123,4
0.2894736842105263,-2.2000000022e-08,25.360000000000003,4
0.1511627906976744,-1.3000000013e-08,0.25,4
0.3484848484848485,-2.3000000023e-08,25.972222222222225,4
0.3048780487804878,-2.5000000025e-08,31.6875,4
0.2875,-2.3000000023e-08,14.862222222222222,4
0.11458333333333333,-1.1000000011e-08,0.0,4
0.13541666666666666,-1.3000000013e-08,0.0,4
0.352112676056338,-2.5000000025e-08,35.0,4
0.18518518518518517,-1.5000000015e-08,4.666666666666667,4
0.23529411764705882,-1.6000000016e-08,10.440000000000001,4
0.3888888888888889,-2.8000000028e-08,52.160000000000004,4
0.1875,-1.5000000015e-08,1.0,4
0.25675675675675674,-1.9000000019e-08,13.673469387755103,4
0.1951219512195122,-1.6000000016e-08,4.320987654320987,4
0.2112676056338028,-1.5000000015e-08,7.2653061224489806,4
0.1724137931034483,-1.5000000015e-08,0.888888888888889,4
0.20930232558139536,-1.8000000018e-08,8.333333333333334,4
0.15789473684210525,-1.2000000012e-08,2.3950617283950617,4
0.20833333333333334,-1.5000000015e-08,6.204081632653062,4
0.3018867924528302,-1.6000000016e-08,11.0625,4
0.12612612612612611,-1.4000000014e-08,0.0,4
0.21951219512195122,-1.8000000018e-08,6.959999999999999,4
0.23076923076923078,-1.8000000018e-08,11.888888888888891,4
0.3150684931506849,-2.3000000023e-08,56.25,4
0.23404255319148937,-2.2000000022e-08,16.0,4
0.24050632911392406,-1.9000000019e-08,13.26530612244898,4
0.21794871794871795,-1.7000000017e-08,13.432098765432096,4
0.175,-1.4000000014e-08,4.222222222222222,4
0.10112359550561797,-9.000000009e-09,0.0,4
0.10112359550561797,-9.000000009e-09,0.0,4
0.15730337078651685,-1.4000000014e-08,4.222222222222222,4
0.1746031746031746,11.0,1.484375,4
0.14705882352941177,-1.000000001e-08,0.2222222222222222,4
0.11235955056179775,0.4166666666666667,0.25,4
0.21333333333333335,-1.6000000016e-08,0.25,4
0.2222222222222222,-2.000000002e-08,0.0,4
0.25396825396825395,-1.6000000016e-08,18.159999999999997,4
0.0,-0.0,0.0,4
0.1694915254237288,-1.000000001e-08,1.1875,4
0.3076923076923077,-2.000000002e-08,22.48979591836735,4
0.2077922077922078,-1.6000000016e-08,10.888888888888888,4
0.12857142857142856,-9.000000009e-09,0.1875,4
0.23376623376623376,-1.8000000018e-08,13.6,4
0.17857142857142858,-1.5000000015e-08,4.555555555555555,4
0.2676056338028169,-1.9000000019e-08,21.04,4
0.24242424242424243,-1.6000000016e-08,16.56,4
0.2,-1.4000000014e-08,4.0,4
0.3333333333333333,-2.2000000022e-08,19.289256198347108,4
0.2786885245901639,-1.7000000017e-08,14.0,4
0.15517241379310345,-9.000000009e-09,0.0,4
0.14925373134328357,-1.000000001e-08,0.5,4
0.1568627450980392,-8.000000008e-09,0.6280991735537189,4
0.2619047619047619,-1.1000000011e-08,4.93359375,4
0.26666666666666666,-1.2000000012e-08,5.537190082644629,4
0.18518518518518517,-1.000000001e-08,3.1875,4
0.21568627450980393,-1.1000000011e-08,3.04,4
0.3492063492063492,-2.2000000022e-08,24.95867768595041,4
0.18840579710144928,-1.3000000013e-08,3.888888888888888,4
0.20454545454545456,-9.000000009e-09,1.7142857142857142,4
0.1696969696969697,-2.8000000028e-08,15.005917159763316,5
0.1411764705882353,-2.4000000024e-08,3.555555555555556,5
0.1901840490797546,2.5833333333333335,10.863905325443787,5
0.29015544041450775,-5.6000000056e-08,192.24,5
0.14285714285714285,0.2777777777777778,12.25,5
0.14285714285714285,0.2777777777777778,12.25,5
0.13380281690140844,-1.9000000019e-08,3.1875,5
0.10087719298245613,-2.3000000023e-08,0.0,5
0.11413043478260869,-2.1000000021e-08,0.0,5
0.14193548387096774,-2.2000000022e-08,3.4375,5
0.0,-0.0,0.0,5
0.13636363636363635,-2.1000000021e-08,6.25,5
0.10119047619047619,-1.7000000017e-08,0.0,5
0.21495327102803738,0.71875,14.91358024691358,5
0.1016949152542373,0.3050847457627119,0.0,5
0.1111111111111111,-2.3000000023e-08,0.25,5
0.13609467455621302,-2.3000000023e-08,4.138888888888889,5
0.10880829015544041,0.4375,0.0,5
0.23529411764705882,-2.8000000028e-08,26.1875,5
0.0,-0.0,0.0,5
0.10833333333333334,-1.3000000013e-08,0.0,5
0.2716049382716049,22.0,22.609375,5
0.13815789473684212,10.5,1.859375,5
0.0,-0.0,0.0,5
0.22784810126582278,-1.8000000018e-08,10.193905817174516,5
0.2815533980582524,-2.9000000029e-08,27.266528925619834,5
0.0,-0.0,0.0,5
0.27058823529411763,0.3709677419354839,10.666666666666666,5
0.17073170731707318,-2.1000000021e-08,6.925619834710743,5
0.12258064516129032,-1.9000000019e-08,0.6666666666666666,5
0.10982658959537572,0.2835820895522388,0.25,5
0.29842931937172773,2.4782608695652173,324.0,5
0.2360248447204969,-3.8000000038e-08,43.04888888888889,5
0.1198501872659176,-3.2000000032e-08,0.0,5
0.18452380952380953,31.0,18.609375,5
0.15934065934065933,0.7837837837837838,7.25,5
0.20089285714285715,-4.5000000045e-08,68.66666666666667,5
0.20089285714285715,-4.5000000045e-08,68.66666666666667,5
0.13043478260869565,-2.1000000021e-08,2.8,5
0.0,-0.0,0.0,5
0.28,-4.9000000049e-08,106.16,5
0.0,-0.0,0.0,5
0.2903225806451613,-1.8000000018e-08,8.658163265306126,5
0.0,0.0,0.0,5
0.0,0.0,0.0,5
0.0,-0.0,0.0,5
0.17073170731707318,-3.5000000035e-08,13.40816326530612,5
0.0,-0.0,0.0,5
0.15977961432506887,-5.8000000058e-08,67.84,5
0.16666666666666666,-4.000000004e-08,22.75,5
0.0,-0.0,0.0,5
0.26704545454545453,2.0434782608695654,55.234375,5
0.1336405529953917,-2.9000000029e-08,4.0,5
0.14107883817427386,-3.4000000034e-08,10.5,5
0.13127413127413126,-3.4000000034e-08,2.888888888888889,5
0.0,-0.0,0.0,5
0.16304347826086957,-3.000000003e-08,10.177514792899407,5
0.0,-0.0,0.0,5
0.3305785123966942,-8.000000008e-08,334.3333333333333,5
0.15,-2.7000000027e-08,6.859375,5
0.16111111111111112,-2.9000000029e-08,10.84,5
0.1440329218106996,0.30973451327433627,13.84,5
0.2753623188405797,-5.7000000057e-08,231.1875,5
0.16477272727272727,-2.9000000029e-08,11.395061728395062,5
0.11956521739130435,-3.3000000033e-08,4.0,5
0.14285714285714285,-2.6000000026e-08,4.0,5
0.14285714285714285,-2.1000000021e-08,4.857142857142857,5
0.14285714285714285,-2.1000000021e-08,4.857142857142857,5
0.1242603550295858,0.2413793103448276,1.3877551020408165,5
0.2,-1.4000000014e-08,6.640000000000001,5
0.22535211267605634,-1.6000000016e-08,7.777777777777778,5
0.3333333333333333,-2.7000000027e-08,30.240000000000002,5
0.145,-2.9000000029e-08,10.888888888888891,5
0.35714285714285715,-1.5000000015e-08,7.307958477508651,5
0.17326732673267325,0.4166666666666667,15.818181818181818,5
0.1556420233463035,-4.000000004e-08,17.555555555555557,5
0.18238993710691823,-2.9000000029e-08,12.952741020793951,5
0.0,-0.0,0.0,5
0.16203703703703703,-3.5000000035e-08,23.16,5
0.29464285714285715,-3.3000000033e-08,63.44000000000001,5
0.13821138211382114,0.425,4.0,5
0.15723270440251572,-2.5000000025e-08,14.0,5
0.11333333333333333,0.32075471698113206,0.25,5
0.3090909090909091,-1.7000000017e-08,7.444328824141518,5
0.17857142857142858,-1.000000001e-08,1.2275,5
0.18518518518518517,-1.000000001e-08,1.5041322314049586,5
0.3333333333333333,-1.5000000015e-08,7.811634349030472,5
0.24074074074074073,-1.3000000013e-08,4.290657439446367,5
0.2631578947368421,-1.5000000015e-08,8.727500000000001,5
0.14583333333333334,0.208955223880597,1.471074380165289,5
0.35526315789473684,-5.4000000054e-08,129.80555555555554,5
0.22641509433962265,-2.4000000024e-08,10.37869822485207,5
0.12612612612612611,-1.4000000014e-08,0.1875,5
0.2028985507246377,14.0,4.702479338842976,5
0.29545454545454547,-2.6000000026e-08,11.820153061224492,5
0.2153846153846154,-1.4000000014e-08,3.3955555555555557,5
0.2553191489361702,-1.2000000012e-08,3.7323022010707914,5
0.2125,-1.7000000017e-08,7.75,5
0.2857142857142857,-1.8000000018e-08,8.38888888888889,5
0.12345679012345678,0.2,0.0,5
0.25287356321839083,-2.2000000022e-08,10.900826446280991,5
0.19298245614035087,-1.1000000011e-08,1.6370510396975424,5
0.16666666666666666,-1.000000001e-08,1.0488888888888885,5
0.24528301886792453,-1.3000000013e-08,3.514462809917355,5
0.2682926829268293,-2.2000000022e-08,8.755555555555556,5
0.2222222222222222,-1.6000000016e-08,7.535714285714286,5
0.19047619047619047,12.0,2.0221606648199444,5
0.2289156626506024,-1.9000000019e-08,9.289256198347106,5
0.3541666666666667,-1.7000000017e-08,5.307600000000001,5
0.17543859649122806,-1.000000001e-08,1.8163265306122451,5
0.22641509433962265,-1.2000000012e-08,2.6875,5
0.25,-1.6000000016e-08,7.9375,5
0.22413793103448276,-1.3000000013e-08,4.1475,5
0.1069182389937107,-1.7000000017e-08,0.0,5
0.3364485981308411,0.3364485981308411,36.347500000000004,5
0.23,-2.3000000023e-08,14.290000000000001,5
0.15384615384615385,-1.4000000014e-08,1.836734693877551,5
0.5102040816326531,-5.000000005e-08,121.0,5
0.12,-1.8000000018e-08,0.0,5
0.14,-1.4000000014e-08,1.6875,5
0.35714285714285715,-3.5000000035e-08,57.25,5
0.32142857142857145,0.5094339622641509,21.833333333333332,5
0.288135593220339,-1.7000000017e-08,8.92249527410208,5
0.3,-1.5000000015e-08,6.914930555555556,5
0.6274509803921569,3.5555555555555554,29.133786848072564,5
0.2876712328767123,-2.1000000021e-08,9.47107438016529,5
0.17857142857142858,0.2631578947368421,1.3333333333333333,5
0.19718309859154928,-1.4000000014e-08,4.244897959183673,5
0.21897810218978103,-3.000000003e-08,33.84,5
0.23214285714285715,-2.6000000026e-08,16.532544378698223,5
0.226890756302521,0.5094339622641509,27.555555555555554,5
0.2982456140350877,-1.7000000017e-08,12.923469387755102,5
0.22033898305084745,-1.3000000013e-08,3.51984877126654,5
0.17543859649122806,-1.000000001e-08,2.489795918367347,5
0.43859649122807015,-2.5000000025e-08,32.79338842975206,5
0.23214285714285715,-2.6000000026e-08,17.13888888888889,5
0.0,-0.0,0.0,5
0.15294117647058825,-1.3000000013e-08,1.2077562326869806,5
0.10067114093959731,0.1388888888888889,0.0,5
0.23469387755102042,-2.3000000023e-08,15.555555555555555,5
0.20833333333333334,-2.000000002e-08,7.0657439446366785,5
0.1340782122905028,0.42105263157894735,3.84,5
0.3010752688172043,-2.8000000028e-08,15.80407626561473,5
0.1917808219178082,-1.4000000014e-08,2.6782006920415227,5
0.0,-0.0,0.0,5
0.3118279569892473,0.8529411764705882,41.23875432525952,5
0.1242603550295858,0.2916666666666667,1.6875,5
0.14666666666666667,-2.2000000022e-08,1.0,5
0.13414634146341464,1.2222222222222223,0.4691358024691357,5
0.15463917525773196,-1.5000000015e-08,1.6686390532544375,5
0.11330049261083744,-2.3000000023e-08,1.0,5
0.11764705882352941,-1.4000000014e-08,0.0,5
0.16822429906542055,-1.8000000018e-08,7.160000000000001,5
0.1276595744680851,-1.2000000012e-08,0.5714285714285714,5
0.16822429906542055,-1.8000000018e-08,7.160000000000001,5
0.12,0.41379310344827586,0.2222222222222222,5
0.16071428571428573,-2.7000000027e-08,9.125,5
0.29545454545454547,-2.6000000026e-08,17.103448275862068,5
0.10569105691056911,0.43333333333333335,0.0,5
0.136986301369863,-2.000000002e-08,2.16,5
0.20253164556962025,-1.6000000016e-08,5.82006920415225,5
0.11330049261083744,0.16666666666666666,0.22222222222222224,5
0.14666666666666667,-2.2000000022e-08,4.666666666666667,5
0.136986301369863,-2.000000002e-08,5.040000000000001,5
0.2631578947368421,-1.5000000015e-08,7.061224489795919,5
0.2716049382716049,0.88,23.040000000000003,5
0.1125,-1.8000000018e-08,0.1875,5
0.19767441860465115,-1.7000000017e-08,8.109375,5
0.1588235294117647,-2.7000000027e-08,9.04,5
0.2,-1.6000000016e-08,4.609375,5
0.24691358024691357,-4.000000004e-08,54.5,5
0.11333333333333333,-1.7000000017e-08,0.22222222222222224,5
0.31297709923664124,-4.1000000041e-08,63.916666666666664,5
0.2111111111111111,-1.9000000019e-08,6.56,5
0.31297709923664124,-4.1000000041e-08,63.916666666666664,5
0.26605504587155965,-2.9000000029e-08,52.666666666666664,5
0.14084507042253522,-1.000000001e-08,0.6666666666666666,5
0.14444444444444443,-1.3000000013e-08,1.125,5
0.1792452830188679,-1.9000000019e-08,6.333333333333333,5
0.0,-0.0,0.0,5
0.26744186046511625,-2.3000000023e-08,10.869171570846536,5
0.23404255319148937,-2.2000000022e-08,14.413223140495866,5
0.15568862275449102,-2.6000000026e-08,7.76,5
0.12962962962962962,-2.1000000021e-08,4.0,5
0.13333333333333333,-1.6000000016e-08,0.0,5
0.13414634146341464,0.39285714285714285,0.8055555555555557,5
0.26506024096385544,-2.2000000022e-08,10.43496357960458,5
0.13043478260869565,-1.8000000018e-08,2.2399999999999998,5
0.16216216216216217,-1.2000000012e-08,1.146814404432133,5
0.27586206896551724,-2.4000000024e-08,11.918367346938775,5
0.20689655172413793,0.43902439024390244,5.668639053254439,5
0.1518987341772152,0.22641509433962265,1.0933333333333333,5
0.3103448275862069,-2.7000000027e-08,15.765595463138,5
0.24675324675324675,-1.9000000019e-08,6.7397959183673475,5
0.22058823529411764,-1.5000000015e-08,7.758034026465027,5
0.29444444444444445,-5.3000000053e-08,92.1875,6
0.26515151515151514,-3.5000000035e-08,29.305555555555557,6
0.29955947136563876,-6.8000000068e-08,354.88888888888886,6
0.21951219512195122,-4.5000000045e-08,56.0,6
0.1414141414141414,-2.8000000028e-08,6.222222222222222,6
0.24719101123595505,-4.4000000044e-08,108.6875,6
0.275,-4.4000000044e-08,80.24,6
0.14124293785310735,-2.5000000025e-08,4.959999999999999,6
0.3185840707964602,-3.6000000036e-08,37.97231833910035,6
0.291005291005291,-5.5000000055e-08,139.84,6
0.21084337349397592,-3.5000000035e-08,47.36,6
0.22580645161290322,0.7567567567567568,23.83673469387755,6
0.23529411764705882,-2.8000000028e-08,26.0,6
0.12234042553191489,-2.3000000023e-08,0.0,6
0.12,-3.6000000036e-08,2.888888888888889,6
0.2582781456953642,-3.9000000039e-08,30.25,6
0.14960629921259844,-1.9000000019e-08,5.472222222222222,6
0.25663716814159293,-2.9000000029e-08,21.31555555555555,6
0.18421052631578946,3.5,22.1875,6
0.2536231884057971,-3.5000000035e-08,39.58024691358024,6
0.33858267716535434,-4.3000000043e-08,123.6875,6
0.3691275167785235,-5.5000000055e-08,173.1875,6
0.11904761904761904,-1.5000000015e-08,0.7654320987654321,6
0.3049645390070922,-4.3000000043e-08,144.0,6
0.136986301369863,-2.000000002e-08,0.0,6
0.14393939393939395,-1.9000000019e-08,3.44,6
0.22627737226277372,15.5,38.97959183673469,6
0.19230769230769232,-2.5000000025e-08,15.1875,6
0.30985915492957744,-4.4000000044e-08,129.38775510204079,6
0.14285714285714285,-2.000000002e-08,4.222222222222222,6
0.23140495867768596,-2.8000000028e-08,35.1875,6
0.13333333333333333,-1.8000000018e-08,1.0,6
0.1834862385321101,-2.000000002e-08,20.25,6
0.15894039735099338,-2.4000000024e-08,9.440000000000001,6
0.183206106870229,3.4285714285714284,8.25,6
0.0,-0.0,0.0,6
0.19834710743801653,-2.4000000024e-08,19.555555555555557,6
0.2536231884057971,-3.5000000035e-08,45.47222222222222,6
0.1476510067114094,-2.2000000022e-08,4.666666666666667,6
0.19327731092436976,-2.3000000023e-08,14.0,6
0.2064516129032258,-3.2000000032e-08,6.25,6
0.2932330827067669,-3.9000000039e-08,25.0,6
0.2900763358778626,-3.8000000038e-08,97.0,6
0.34591194968553457,2.8947368421052633,88.22222222222221,6
0.20512820512820512,-3.2000000032e-08,1.0,6
0.1724137931034483,-2.5000000025e-08,0.0,6
0.45794392523364486,-4.9000000049e-08,151.359375,6
0.1242603550295858,-2.1000000021e-08,4.0,6
0.23148148148148148,25.0,18.17283950617284,6
0.11818181818181818,-1.3000000013e-08,0.24000000000000005,6
0.11818181818181818,-1.3000000013e-08,0.24000000000000005,6
0.1297709923664122,-1.7000000017e-08,0.22222222222222224,6
0.25,-3.5000000035e-08,0.0,6
0.1450381679389313,-1.9000000019e-08,0.0,6
0.3333333333333333,-2.5000000025e-08,34.366863905325445,6
0.13740458015267176,-1.8000000018e-08,1.0,6
0.2446043165467626,-3.4000000034e-08,0.0,6
0.248,-3.1000000031e-08,28.6875,6
0.13846153846153847,18.0,1.5555555555555554,6
0.19444444444444445,1.3125,0.0,6
0.1984732824427481,-2.6000000026e-08,20.25,6
0.125,-1.4000000014e-08,0.5,6
0.3392857142857143,-3.8000000038e-08,53.97633136094675,6
0.2222222222222222,-2.4000000024e-08,16.086734693877553,6
0.20967741935483872,-2.6000000026e-08,16.1875,6
0.23157894736842105,-2.2000000022e-08,21.555555555555557,6
0.2627118644067797,-3.1000000031e-08,48.666666666666664,6
0.25862068965517243,-3.000000003e-08,39.80555555555555,6
0.13541666666666666,-1.3000000013e-08,1.0,6
0.13541666666666666,-1.3000000013e-08,1.0,6
0.19642857142857142,-2.2000000022e-08,20.25,6
0.3185840707964602,1.7142857142857142,57.55102040816326,6
0.2403846153846154,-2.5000000025e-08,24.222222222222218,6
0.19811320754716982,-2.1000000021e-08,10.239999999999998,6
0.2376237623762376,-2.4000000024e-08,26.96,6
0.14018691588785046,-1.5000000015e-08,1.0,6
0.18018018018018017,-2.000000002e-08,6.25,6
0.14383561643835616,21.0,0.0,6
0.136986301369863,-2.000000002e-08,0.0,6
0.0,0.0,0.0,6
0.20535714285714285,-2.3000000023e-08,4.25,6
0.15384615384615385,-1.6000000016e-08,3.1875,6
0.19801980198019803,6.666666666666667,14.559999999999999,6
0.21818181818181817,24.0,22.354166666666668,6
0.21568627450980393,-2.2000000022e-08,14.25,6
0.2978723404255319,-2.8000000028e-08,33.75,6
0.25806451612903225,-2.4000000024e-08,10.1875,6
0.22772277227722773,-2.3000000023e-08,21.0,6
0.25,24.0,8.222222222222223,6
0.23404255319148937,-2.2000000022e-08,18.53061224489796,6
0.15463917525773196,-1.5000000015e-08,3.1020408163265314,6
0.15463917525773196,-1.5000000015e-08,3.1020408163265314,6
0.1322314049586777,-1.6000000016e-08,0.6875,6
0.11965811965811966,-1.4000000014e-08,0.6666666666666666,6
0.20212765957446807,6.333333333333333,0.25,6
0.18584070796460178,-2.1000000021e-08,4.916666666666667,6
0.2222222222222222,-2.2000000022e-08,27.0,6
0.2696629213483146,-2.4000000024e-08,31.1875,6
0.19230769230769232,-2.000000002e-08,10.472222222222223,6
0.21428571428571427,-2.7000000027e-08,33.55555555555555,6
0.2087912087912088,6.333333333333333,10.666666666666666,6
0.16535433070866143,-2.1000000021e-08,8.222222222222223,6
0.3488372093023256,-3.000000003e-08,57.714285714285715,6
0.18421052631578946,-2.1000000021e-08,11.6875,6
0.16666666666666666,-1.8000000018e-08,6.222222222222221,6
0.25,-2.3000000023e-08,34.1875,6
0.21428571428571427,-2.4000000024e-08,17.209876543209877,6
0.20353982300884957,-2.3000000023e-08,11.421487603305787,6
0.15841584158415842,2.2857142857142856,4.666666666666667,6
0.4473684210526316,-3.4000000034e-08,51.109375,6
0.21428571428571427,-2.1000000021e-08,16.222222222222218,6
0.5277777777777778,-3.8000000038e-08,41.348765432098766,6
0.205607476635514,-2.2000000022e-08,7.840000000000001,6
0.2403846153846154,-2.5000000025e-08,28.691358024691358,6
0.0,-0.0,0.0,6
0.33783783783783783,-2.5000000025e-08,24.45,6
0.13675213675213677,-1.6000000016e-08,4.0,6
0.22727272727272727,-1.5000000015e-08,6.857142857142857,6
0.1391304347826087,-1.6000000016e-08,0.0,6
0.14444444444444443,-1.3000000013e-08,1.6875,6
0.14444444444444443,-1.3000000013e-08,1.6875,6
0.22105263157894736,-2.1000000021e-08,20.916666666666668,6
0.25,-2.3000000023e-08,30.25,6
0.24489795918367346,-2.4000000024e-08,24.333333333333332,6
0.21875,-2.1000000021e-08,2.25,6
0.17045454545454544,-1.5000000015e-08,4.96,6
0.3246753246753247,-2.5000000025e-08,37.13888888888889,6
0.2222222222222222,-2.4000000024e-08,15.25,6
0.1111111111111111,-1.3000000013e-08,0.0,6
0.25675675675675674,-1.9000000019e-08,7.76,6
0.23376623376623376,-1.8000000018e-08,12.04,6
0.21621621621621623,-2.4000000024e-08,29.555555555555557,6
0.1588785046728972,-1.7000000017e-08,0.0,6
0.35802469135802467,-2.9000000029e-08,25.734375,6
0.39344262295081966,-2.4000000024e-08,26.36111111111111,6
0.16964285714285715,-1.9000000019e-08,0.25,6
0.1728395061728395,-1.4000000014e-08,2.0,6
0.1728395061728395,-1.4000000014e-08,2.0,6
0.25,-1.9000000019e-08,15.209876543209877,6
0.2376237623762376,-2.4000000024e-08,18.0,6
0.32894736842105265,-2.5000000025e-08,19.25,6
0.25,-2.3000000023e-08,4.0,6
0.15853658536585366,-1.3000000013e-08,1.5206611570247937,6
0.15853658536585366,-1.3000000013e-08,1.5206611570247937,6
0.3181818181818182,-2.1000000021e-08,18.13888888888889,6
0.17582417582417584,2.2857142857142856,2.6399999999999997,6
0.17142857142857143,-1.2000000012e-08,1.984375,6
0.2,-1.4000000014e-08,4.16,6
0.2,-1.4000000014e-08,4.16,6
0.16923076923076924,2.2,4.0,6
0.2153846153846154,14.0,8.6875,6
0.2361111111111111,0.3541666666666667,13.484375,6
0.26229508196721313,-1.6000000016e-08,8.75,6
0.26229508196721313,16.0,11.75,6
0.36065573770491804,-2.2000000022e-08,35.88888888888889,6
0.37254901960784315,-1.9000000019e-08,18.946745562130175,6
0.22727272727272727,3.75,6.959999999999999,6
0.25675675675675674,-1.9000000019e-08,15.25,6
0.25675675675675674,1.7272727272727273,9.25,6
0.24324324324324326,-1.8000000018e-08,9.0,6
0.3898305084745763,-2.3000000023e-08,33.9375,6
0.6610169491525424,-3.9000000039e-08,175.04000000000002,6
0.3829787234042553,-1.8000000018e-08,12.913580246913579,6
0.3181818181818182,2.1,28.666666666666668,6
0.2542372881355932,15.0,5.84,6
0.2711864406779661,2.0,11.26530612244898,6
0.375,-1.8000000018e-08,13.065743944636678,6
0.18,-9.000000009e-09,1.4722222222222223,6
0.4074074074074074,-1.1000000011e-08,6.1274999999999995,6
0.4074074074074074,-1.1000000011e-08,6.1274999999999995,6
0.3333333333333333,-1.2000000012e-08,7.24609375,6
0.3333333333333333,-1.2000000012e-08,7.24609375,6
0.37254901960784315,-1.9000000019e-08,3.555555555555556,6
0.3333333333333333,3.4,14.816326530612244,6
0.3333333333333333,17.0,16.805555555555557,6
0.4375,-1.4000000014e-08,13.359375,6
0.4375,-1.4000000014e-08,13.359375,6
0.35294117647058826,-1.8000000018e-08,12.913580246913579,6
0.35294117647058826,-1.8000000018e-08,12.913580246913579,6
0.2926829268292683,-1.2000000012e-08,6.0,6
0.8291139240506329,-2.62000000262e-07,8261.67857142857,7
0.6487804878048781,-1.33000000133e-07,934.5207100591716,7
0.5510204081632653,-8.1000000081e-08,770.8214285714286,7
0.5028571428571429,-8.8000000088e-08,336.72222222222223,7
0.5758754863813229,-1.48000000148e-07,2765.1388888888887,7
0.6086956521739131,-7.000000007e-08,337.18222222222226,7
0.6303317535545023,-1.33000000133e-07,822.3055555555555,7
0.5202702702702703,-7.7000000077e-08,669.6301652892561,7
0.4230769230769231,-5.5000000055e-08,254.8402366863905,7
0.5135135135135135,-3.8000000038e-08,110.8548752834467,7
0.4808743169398907,-8.8000000088e-08,348.08264462809916,7
0.4927536231884058,-1.02000000102e-07,780.9550173010382,7
0.5955056179775281,-5.3000000053e-08,276.1504,7
0.4726027397260274,-6.9000000069e-08,466.0895061728395,7
0.5857142857142857,-1.23000000123e-07,1272.7755102040815,7
0.4230769230769231,-5.5000000055e-08,222.57638888888894,7
0.5092592592592593,-5.5000000055e-08,300.2222222222223,7
0.5135135135135135,-3.8000000038e-08,109.12244897959188,7
0.5135135135135135,-3.8000000038e-08,133.93239795918365,7
0.5135135135135135,-3.8000000038e-08,133.93239795918365,7
0.6086956521739131,-7.000000007e-08,219.70247933884295,7
0.5,-5.5000000055e-08,275.43359375,7
0.6333333333333333,-1.33000000133e-07,1264.6172839506173,7
0.5135135135135135,-3.8000000038e-08,90.68809073724009,7
0.6086956521739131,-7.000000007e-08,301.55555555555554,7
0.6,-6.9000000069e-08,337.20987654320993,7
0.5842696629213483,-5.2000000052e-08,284.4875,7
0.5135135135135135,-3.8000000038e-08,144.5917159763314,7
0.5135135135135135,-3.8000000038e-08,72.32132963988917,7
0.5,-3.7000000037e-08,66.6275,7
0.5135135135135135,-3.8000000038e-08,67.5275,7
0.520618556701031,-1.01000000101e-07,427.3066666666666,7
0.5135135135135135,-3.8000000038e-08,133.96,7
0.5135135135135135,-3.8000000038e-08,133.96,7
0.4642857142857143,-5.2000000052e-08,272.31122448979585,7
0.5842696629213483,5.2,218.005540166205,7
0.5842696629213483,-5.2000000052e-08,225.0277777777778,7
0.16022099447513813,-2.9000000029e-08,1.9166666666666667,7
0.518796992481203,-6.9000000069e-08,277.6528925619835,7
0.4297520661157025,-5.2000000052e-08,245.0,7
0.4177215189873418,-6.6000000066e-08,289.715976331361,7
0.5,-5.2000000052e-08,308.7806122448979,7
0.53125,-5.1000000051e-08,234.56000000000003,7
0.5135135135135135,-3.8000000038e-08,57.15976331360947,7
0.5368421052631579,-5.1000000051e-08,248.76543209876542,7
0.49523809523809526,-5.2000000052e-08,310.6938775510204,7
0.5,-5.4000000054e-08,260.6666666666667,7
0.5135135135135135,-3.8000000038e-08,151.234375,7
0.49038461538461536,-5.1000000051e-08,236.43786982248523,7
0.24705882352941178,-2.1000000021e-08,20.666666666666668,7
0.4153846153846154,-5.4000000054e-08,253.71428571428572,7
0.4482758620689655,-5.2000000052e-08,224.79338842975204,7
0.5842696629213483,-5.2000000052e-08,257.94387755102036,7
0.5955056179775281,-5.3000000053e-08,210.1301775147929,7
0.5730337078651685,-5.1000000051e-08,127.40816326530613,7
0.43283582089552236,-5.8000000058e-08,267.28395061728395,7
0.5135135135135135,-3.8000000038e-08,130.24305555555554,7
0.4636363636363636,-5.1000000051e-08,236.44444444444446,7
0.5473684210526316,-5.2000000052e-08,323.01,7
0.5842696629213483,-5.2000000052e-08,323.01,7
0.5046728971962616,-5.4000000054e-08,290.1875,7
0.4864864864864865,-5.4000000054e-08,290.6875,7
0.6063829787234043,-5.7000000057e-08,216.77551020408166,7
0.5842696629213483,52.0,272.6280991735538,7
0.5,-5.4000000054e-08,325.10204081632656,7
0.4864864864864865,-5.4000000054e-08,292.5,7
0.6333333333333333,-5.7000000057e-08,282.84000000000003,7
0.4594594594594595,-5.1000000051e-08,168.24489795918367,7
0.5730337078651685,-5.1000000051e-08,163.04000000000002,7
0.4049079754601227,-6.6000000066e-08,193.33884297520663,7
0.4864864864864865,-5.4000000054e-08,364.6666666666667,7
0.30434782608695654,-2.8000000028e-08,29.4375,7
0.26732673267326734,-2.7000000027e-08,12.469135802469136,7
0.32608695652173914,-3.000000003e-08,28.24691358024691,7
0.3225806451612903,-3.000000003e-08,66.83999999999999,7
0.4864864864864865,-5.4000000054e-08,220.66666666666666,7
0.29347826086956524,-2.7000000027e-08,53.888888888888886,7
0.2571428571428571,-2.7000000027e-08,0.22222222222222224,7
0.32941176470588235,18.666666666666668,225.80246913580243,7
0.463768115942029,-9.6000000096e-08,786.4691358024692,7
0.367816091954023,-3.2000000032e-08,89.05,7
0.26732673267326734,-2.7000000027e-08,42.80555555555555,7
0.30526315789473685,-2.9000000029e-08,32.234375,7
0.27835051546391754,-2.7000000027e-08,0.22222222222222224,7
0.3191489361702128,-3.000000003e-08,14.75,7
0.4375,-3.5000000035e-08,50.854166666666664,7
0.6419753086419753,52.0,394.25,7
0.29896907216494845,-2.9000000029e-08,47.91836734693878,7
0.31868131868131866,-2.9000000029e-08,34.40816326530613,7
0.27,13.5,36.4,7
0.3253012048192771,-2.7000000027e-08,52.25,7
0.4444444444444444,-9.2000000092e-08,575.44,7
0.3142857142857143,-6.6000000066e-08,166.48999999999998,7
0.4864864864864865,10.8,288.6875,7
0.28421052631578947,-2.7000000027e-08,52.22222222222222,7
0.3076923076923077,-2.8000000028e-08,0.4,7
0.2727272727272727,-2.7000000027e-08,28.24,7
0.2755102040816326,-2.7000000027e-08,41.387755102040806,7
0.2571428571428571,-2.7000000027e-08,34.80555555555556,7
0.28421052631578947,-2.7000000027e-08,47.13888888888889,7
0.3225806451612903,-3.000000003e-08,42.64,7
0.4975845410628019,-1.03000000103e-07,894.7430555555557,7
0.3163265306122449,-3.1000000031e-08,6.571428571428571,7
0.2826086956521739,-2.6000000026e-08,39.25,7
0.3068181818181818,-2.7000000027e-08,34.22222222222222,7
0.6842105263157895,-5.2000000052e-08,260.6222222222222,7
0.31958762886597936,-3.1000000031e-08,41.13888888888889,7
0.38823529411764707,-3.3000000033e-08,69.0,7
0.25471698113207547,-2.7000000027e-08,28.857142857142858,7
0.5659340659340659,-1.03000000103e-07,922.3950617283951,7
0.26732673267326734,-2.7000000027e-08,1.0,7
0.2727272727272727,21.0,38.64,7
0.5421686746987951,-4.5000000045e-08,173.87654320987656,7
0.45652173913043476,-4.2000000042e-08,177.14792899408283,7
0.36666666666666664,-3.3000000033e-08,21.759999999999998,7
0.3,-2.7000000027e-08,17.13888888888889,7
0.2761904761904762,-2.9000000029e-08,8.666666666666666,7
0.2727272727272727,10.5,30.0,7
0.3787878787878788,-2.5000000025e-08,31.555555555555557,7
0.352112676056338,-2.5000000025e-08,54.234375,7
0.3448275862068966,-2.000000002e-08,27.355371900826437,7
0.3125,-2.000000002e-08,20.24691358024691,7
0.49382716049382713,-4.000000004e-08,105.70247933884298,7
0.6,-4.5000000045e-08,266.9876543209877,7
0.2972972972972973,-3.3000000033e-08,47.440000000000005,7
0.26732673267326734,-2.7000000027e-08,42.6875,7
0.3764705882352941,-3.2000000032e-08,77.66666666666667,7
0.2871287128712871,-2.9000000029e-08,60.666666666666664,7
0.2898550724637681,-2.000000002e-08,27.551020408163264,7
0.3283582089552239,-2.2000000022e-08,18.222222222222225,7
0.2647058823529412,-2.7000000027e-08,53.04,7
0.2753623188405797,-1.9000000019e-08,23.21,7
0.2876712328767123,21.0,26.333333333333332,7
0.2972972972972973,-2.2000000022e-08,9.9375,7
0.5580110497237569,-1.01000000101e-07,669.5510204081631,7
0.36923076923076925,-2.4000000024e-08,58.244897959183675,7
0.2857142857142857,-2.000000002e-08,8.816326530612248,7
0.3263157894736842,-3.1000000031e-08,5.44,7
0.3448275862068966,-2.000000002e-08,22.719135802469133,7
0.24675324675324675,-1.9000000019e-08,10.484375,7
0.273972602739726,-2.000000002e-08,3.2222222222222228,7
0.2535211267605634,-1.8000000018e-08,18.666666666666668,7
0.32432432432432434,-2.4000000024e-08,36.22222222222222,7
0.3875,-3.1000000031e-08,13.25,7
0.3333333333333333,-2.1000000021e-08,29.785123966942148,7
0.3055555555555556,-2.2000000022e-08,22.96,7
0.28125,-1.8000000018e-08,21.333333333333332,7
0.3116883116883117,-2.4000000024e-08,42.25,7
0.5068493150684932,-3.7000000037e-08,78.90972222222221,7
0.2631578947368421,-2.000000002e-08,7.984375,7
0.2972972972972973,-2.2000000022e-08,11.346938775510207,7
0.3333333333333333,-2.2000000022e-08,32.55555555555556,7
0.28125,-2.7000000027e-08,0.25,7
0.28,3.5,22.25,7
0.4457831325301205,-3.7000000037e-08,55.234375,7
0.24358974358974358,-1.9000000019e-08,0.75,7
0.3333333333333333,-2.4000000024e-08,2.8888888888888893,7
0.2839506172839506,-2.3000000023e-08,36.160000000000004,7
0.2537313432835821,-1.7000000017e-08,17.84,7
0.38095238095238093,-2.4000000024e-08,49.839999999999996,7
0.29850746268656714,-2.000000002e-08,2.0,7
0.3548387096774194,-2.2000000022e-08,19.984375,7
0.4523809523809524,-3.8000000038e-08,139.55555555555554,7
0.34375,-2.2000000022e-08,19.6875,7
0.2857142857142857,-2.2000000022e-08,25.5,7
0.24691358024691357,-2.000000002e-08,2.75,7
0.23255813953488372,-2.000000002e-08,2.75,7
0.3333333333333333,-2.000000002e-08,13.959183673469386,7
0.2631578947368421,-2.000000002e-08,2.0,7
0.43037974683544306,-3.4000000034e-08,79.85,7
0.0,-0.0,0.0,7
0.28169014084507044,-2.000000002e-08,7.2653061224489806,7
0.25757575757575757,-1.7000000017e-08,8.583333333333334,7
0.4634146341463415,-3.8000000038e-08,131.33333333333334,7
0.2923076923076923,-1.9000000019e-08,19.6,7
0.5277777777777778,-3.8000000038e-08,90.1388888888889,7
0.3548387096774194,-2.2000000022e-08,30.775510204081634,7
0.2608695652173913,-1.8000000018e-08,23.805555555555557,7
0.36666666666666664,-2.2000000022e-08,20.96,7
0.5659340659340659,51.5,998.2222222222223,7
0.31176470588235294,-5.3000000053e-08,180.66666666666666,7
0.32941176470588235,9.333333333333334,220.66666666666666,7
0.2923076923076923,-1.9000000019e-08,12.1875,7
0.2777777777777778,-2.000000002e-08,0.22222222222222224,7
0.2982456140350877,-1.7000000017e-08,29.04,7
0.12396694214876033,-1.5000000015e-08,0.6666666666666666,8
0.1794871794871795,-2.1000000021e-08,9.583333333333334,8
0.1953125,-2.5000000025e-08,13.30859375,8
0.43548387096774194,-5.4000000054e-08,112.22222222222221,8
0.18791946308724833,-2.8000000028e-08,15.652892561983471,8
0.20300751879699247,-2.7000000027e-08,15.65,8
0.17482517482517482,0.6578947368421053,9.959183673469388,8
0.5229357798165137,57.0,204.08984375,8
0.10457516339869281,-1.6000000016e-08,0.0,8
0.5047619047619047,-5.3000000053e-08,120.85121107266436,8
0.14912280701754385,-1.7000000017e-08,4.1875,8
0.5,2.0,77.65972222222223,8
0.41,-4.1000000041e-08,54.105860113421556,8
0.10655737704918032,0.41935483870967744,0.0,8
0.19491525423728814,-2.3000000023e-08,7.333333333333333,8
0.6063829787234043,57.0,219.45987654320987,8
0.2033898305084746,24.0,10.63888888888889,8
0.5257731958762887,0.9107142857142857,177.40828402366864,8
0.12396694214876033,-1.5000000015e-08,0.2222222222222222,8
0.14814814814814814,-1.6000000016e-08,2.0900000000000007,8
0.38392857142857145,0.8775510204081632,69.70637119113574,8
0.1282051282051282,0.75,0.888888888888889,8
0.1282051282051282,-1.5000000015e-08,1.25,8
0.19658119658119658,0.696969696969697,25.0,8
0.31683168316831684,0.31683168316831684,45.05555555555555,8
0.203125,0.37681159420289856,13.209876543209877,8
0.1953125,-2.5000000025e-08,17.859375,8
0.1953125,0.8928571428571429,12.816326530612244,8
0.1271186440677966,2.5,0.9795918367346939,8
0.10483870967741936,13.0,0.0,8
0.20408163265306123,-2.000000002e-08,9.918367346938776,8
0.12931034482758622,-1.5000000015e-08,0.9375,8
0.13761467889908258,-1.5000000015e-08,2.2222222222222223,8
0.32038834951456313,1.03125,43.22666666666667,8
0.2018348623853211,4.4,26.88888888888889,8
0.4132231404958678,6.25,160.44444444444446,8
0.11926605504587157,6.5,0.42975206611570244,8
0.2441860465116279,21.0,12.583333333333334,8
0.12195121951219512,15.0,0.6666666666666666,8
0.35398230088495575,1.0,55.75,8
0.35398230088495575,1.0,55.75,8
0.4953271028037383,7.571428571428571,163.07638888888889,8
0.2,-1.7000000017e-08,3.6780045351473922,8
0.0,-0.0,0.0,8
0.25773195876288657,12.5,20.5406427221172,8
0.5047619047619047,-5.3000000053e-08,155.55555555555554,8
0.5148514851485149,0.9629629629629629,93.67346938775509,8
0.4375,42.0,59.32409972299169,8
0.36538461538461536,0.5757575757575758,73.07638888888889,8
0.24778761061946902,0.4117647058823529,38.56,8
0.20238095238095238,0.27419354838709675,5.802469135802469,8
0.5,-2.9000000029e-08,25.665294924554185,8
0.1568627450980392,-1.6000000016e-08,1.75,8
0.0,0.0,0.0,8
0.32,1.5,30.25,8
0.6333333333333333,57.0,149.21484375,8
0.0,0.0,0.0,8
0.2803738317757009,0.38961038961038963,14.40972222222222,8
0.32,1.6,45.36094674556213,8
0.3870967741935484,1.2857142857142858,56.833333333333336,8
0.18032786885245902,-2.2000000022e-08,5.109375,8
0.21505376344086022,20.0,8.264462809917354,8
0.18072289156626506,-1.5000000015e-08,3.1388888888888893,8
0.1958762886597938,0.475,6.8395061728395055,8
0.2358490566037736,3.125,20.204081632653065,8
0.10526315789473684,0.19607843137254902,0.0,8
0.5747126436781609,1.5625,237.07638888888883,8
0.19540229885057472,-1.7000000017e-08,8.54437869822485,8
0.0,0.0,0.0,8
0.20238095238095238,-1.7000000017e-08,8.098765432098766,8
0.3958333333333333,-3.8000000038e-08,61.0625,8
0.44871794871794873,-3.5000000035e-08,42.768166089965405,8
0.4329896907216495,1.68,78.8275,8
0.29333333333333333,-2.2000000022e-08,17.107438016528928,8
0.35443037974683544,-2.8000000028e-08,22.87109375,8
0.20987654320987653,-1.7000000017e-08,5.1875,8
0.1643835616438356,-1.2000000012e-08,1.3223140495867767,8
0.4027777777777778,-2.9000000029e-08,30.392857142857142,8
0.5967741935483871,-3.7000000037e-08,88.54320987654322,8
0.2236842105263158,17.0,5.234375,8
0.22093023255813954,19.0,14.122448979591836,8
0.2777777777777778,-2.000000002e-08,11.30795847750865,8
0.5441176470588235,-3.7000000037e-08,102.90972222222221,8
0.16326530612244897,0.35555555555555557,4.172839506172839,8
0.559322033898305,33.0,86.41322314049586,8
0.14285714285714285,0.3783783783783784,2.2399999999999998,8
0.27631578947368424,10.5,12.349030470914126,8
0.4915254237288136,0.6444444444444445,52.06611570247935,8
0.515625,0.5892857142857143,53.07482993197279,8
0.30434782608695654,-2.1000000021e-08,8.562130177514792,8
0.19444444444444445,-1.4000000014e-08,3.109375,8
0.24050632911392406,19.0,14.57844990548204,8
0.4426229508196721,9.0,32.36678200692042,8
0.19767441860465115,17.0,6.265306122448978,8
0.23255813953488372,10.0,8.098765432098766,8
0.23255813953488372,0.39215686274509803,14.08673469387755,8
0.32786885245901637,-2.000000002e-08,14.960000000000003,8
0.23529411764705882,-2.000000002e-08,8.330578512396695,8
0.23529411764705882,20.0,6.765432098765432,8
0.1568627450980392,0.3333333333333333,2.0,8
0.18823529411764706,0.2962962962962963,3.3333333333333335,8
0.32558139534883723,-2.8000000028e-08,20.6875,8
0.36764705882352944,25.0,25.658163265306126,8
0.4107142857142857,23.0,22.02770083102493,8
0.1568627450980392,1.6,1.3469387755102045,8
0.14705882352941177,-1.5000000015e-08,0.15999999999999998,8
0.13725490196078433,0.2692307692307692,0.888888888888889,8
0.328125,-2.1000000021e-08,15.084710743801653,8
0.2441860465116279,21.0,10.246913580246915,8
0.3384615384615385,-2.2000000022e-08,25.609999999999996,8
0.35185185185185186,19.0,12.899408284023666,8
0.4696969696969697,-3.1000000031e-08,57.6875,8
0.12121212121212122,0.16326530612244897,0.25,8
0.3620689655172414,-2.1000000021e-08,32.44444444444444,8
0.22077922077922077,0.53125,8.09,8
0.3484848484848485,3.2857142857142856,23.076388888888886,8
0.29310344827586204,17.0,13.706666666666669,8
0.23214285714285715,0.52,5.979591836734693,8
0.16901408450704225,-1.2000000012e-08,2.0,8
0.34545454545454546,-1.9000000019e-08,8.23076923076923,8
0.27941176470588236,2.7142857142857144,17.839999999999996,8
0.38095238095238093,1.2,28.88888888888889,8
0.4909090909090909,-2.7000000027e-08,46.743055555555564,8
0.41509433962264153,-2.2000000022e-08,13.12,8
0.12048192771084337,0.2702702702702703,0.24000000000000005,8
0.3076923076923077,1.0526315789473684,18.77551020408163,8
0.3142857142857143,-2.2000000022e-08,20.595555555555553,8
0.0,0.0,0.0,8
0.5441176470588235,-3.7000000037e-08,107.13888888888887,8
0.39285714285714285,-2.2000000022e-08,25.09,8
0.4230769230769231,-2.2000000022e-08,13.0,8
0.21818181818181817,-1.2000000012e-08,2.595663265306123,8
0.40816326530612246,-2.000000002e-08,22.28395061728395,8
0.20967741935483872,-1.3000000013e-08,2.801020408163265,8
0.2692307692307692,0.5384615384615384,8.421052631578947,8
0.328125,0.9545454545454546,19.857142857142858,8
0.3018867924528302,-1.6000000016e-08,9.658163265306124,8
0.4032258064516129,-2.5000000025e-08,34.75555555555556,8
0.47058823529411764,1.2,25.75,8
0.42857142857142855,24.0,30.469135802469136,8
0.27941176470588236,1.2666666666666666,11.207100591715975,8
0.28,-1.4000000014e-08,6.8,8
0.3076923076923077,-1.6000000016e-08,6.6115702479338845,8
0.2711864406779661,-1.6000000016e-08,9.43359375,8
0.41818181818181815,23.0,30.78222222222222,8
0.12745098039215685,-1.3000000013e-08,0.0,8
0.2765957446808511,-1.3000000013e-08,5.243055555555556,8
0.4716981132075472,-2.5000000025e-08,30.571428571428573,8
0.48148148148148145,-2.6000000026e-08,24.909722222222218,8
0.3269230769230769,0.7083333333333334,12.340264650283554,8
0.47058823529411764,-3.2000000032e-08,72.16,8
0.2647058823529412,18.0,13.36,8
0.5147058823529411,35.0,98.66666666666667,8
0.5490196078431373,28.0,43.107438016528924,8
0.5490196078431373,28.0,43.107438016528924,8
0.43478260869565216,2.857142857142857,14.677295918367346,8
0.5084745762711864,1.1111111111111112,86.0,8
0.5084745762711864,1.7647058823529411,85.83999999999999,8
0.5,5.333333333333333,61.06122448979592,8
0.96875,-6.2000000062e-08,299.8765432098765,8
0.5,2.1333333333333333,46.02469135802469,8
0.4583333333333333,-2.2000000022e-08,24.59863945578231,8
0.5076923076923077,2.357142857142857,0.0,8
0.3770491803278688,1.15,32.12244897959184,8
0.9508196721311475,-5.8000000058e-08,168.30555555555557,8
0.4426229508196721,1.173913043478261,43.138888888888886,8
0.36,18.0,10.681440443213296,8
0.2830188679245283,2.5,8.512396694214877,8
0.19672131147540983,0.41379310344827586,2.693877551020408,8
0.19672131147540983,4.0,2.6399999999999997,8
0.36065573770491804,22.0,56.25,8
0.6304347826086957,-2.9000000029e-08,41.35802469135802,8
0.21818181818181817,-1.2000000012e-08,2.7654320987654324,8
0.4696969696969697,1.8235294117647058,57.359375,8
0.2542372881355932,-1.5000000015e-08,6.346938775510204,8
0.3484848484848485,11.5,35.3469387755102,8
0.5606060606060606,1.6818181818181819,109.8888888888889,8
0.3488372093023256,0.7142857142857143,13.089506172839506,8
0.3877551020408163,-1.9000000019e-08,15.69387755102041,8
0.3023255813953488,-1.3000000013e-08,6.236686390532545,8
0.22727272727272727,0.35714285714285715,2.5406427221172025,8
0.2916666666666667,-1.4000000014e-08,8.305555555555555,8
0.37254901960784315,0.8636363636363636,12.9375,8
0.2641509433962264,0.4827586206896552,7.0578512396694215,8
0.2641509433962264,0.4827586206896552,7.0578512396694215,8
0.23404255319148937,0.44,2.2098765432098766,8
0.2,11.0,3.1666666666666665,8
0.5581395348837209,-2.4000000024e-08,62.0,8
0.5434782608695652,25.0,26.07638888888889,8
0.5789473684210527,-2.2000000022e-08,46.109375,8
0.4574290484140234,-2.74000000274e-07,4317.555555555556,9
0.46715328467153283,-6.4000000064e-08,354.2040816326531,9
0.8461538461538461,-1.1000000011e-07,880.0,9
0.7261904761904762,-6.1000000061e-08,242.734375,9
0.4020618556701031,-7.8000000078e-08,194.02734375,9
0.9067796610169492,-1.07000000107e-07,570.6875,9
0.4473684210526316,-8.5000000085e-08,468.56000000000006,9
0.6147959183673469,-2.41000000241e-07,4260.6875,9
0.4473684210526316,-8.5000000085e-08,468.56000000000006,9
0.4909090909090909,-2.7000000027e-08,52.040000000000006,9
0.48,-4.8000000048e-08,125.87543252595157,9
0.56,-2.8000000028e-08,58.06000000000002,9
0.46808510638297873,-6.6000000066e-08,369.1111111111111,9
0.6212121212121212,-8.2000000082e-08,362.8163265306122,9
0.4331983805668016,-2.14000000214e-07,2531.122448979591,9
0.36666666666666664,-5.5000000055e-08,117.42560553633218,9
0.5921985815602837,-1.67000000167e-07,1467.2400000000002,9
0.4340770791075051,-2.14000000214e-07,2541.3877551020405,9
0.6086956521739131,-4.2000000042e-08,83.40972222222223,9
0.6091549295774648,-1.73000000173e-07,1095.96,9
0.19333333333333333,-1.16000000116e-07,377.1555555555556,9
0.6344827586206897,-9.2000000092e-08,800.5815972222222,9
0.8492063492063492,-1.07000000107e-07,756.224852071006,9
0.6413793103448275,-9.3000000093e-08,810.3263888888888,9
0.7721518987341772,-6.1000000061e-08,258.89580930411375,9
0.3826086956521739,-4.4000000044e-08,43.60997732426303,9
0.8699186991869918,-1.07000000107e-07,1159.222222222222,9
0.2966101694915254,-3.5000000035e-08,0.16,9
0.8724279835390947,-2.12000000212e-07,2748.9467455621298,9
0.8237179487179487,-2.57000000257e-07,5770.5599999999995,9
0.35987261146496813,-1.13000000113e-07,168.28571428571428,9
0.5343915343915344,-1.01000000101e-07,506.8888888888889,9
0.8041958041958042,-1.15000000115e-07,1164.0826446280992,9
0.8594377510040161,-2.14000000214e-07,2807.34693877551,9
0.7467532467532467,-1.15000000115e-07,1043.061224489796,9
0.643312101910828,-1.01000000101e-07,544.484375,9
0.7448979591836735,-7.3000000073e-08,474.76816608996535,9
0.22377622377622378,-9.6000000096e-08,134.75555555555553,9
0.7448979591836735,-7.3000000073e-08,474.76816608996535,9
0.5329457364341085,-2.75000000275e-07,3655.75,9
0.36666666666666664,-5.5000000055e-08,161.89619377162632,9
0.8825214899713467,-3.08000000308e-07,6584.83950617284,9
0.3938356164383562,-1.15000000115e-07,608.75,9
0.275,-1.54000000154e-07,1107.3155555555556,9
0.5208333333333334,-5.000000005e-08,122.484375,9
0.75,-1.05000000105e-07,800.5555555555555,9
0.856,-1.07000000107e-07,606.7318786982249,9
0.39588688946015427,-1.54000000154e-07,1422.5805785123966,9
0.5774647887323944,-4.1000000041e-08,79.12,9
0.1375,-8.8000000088e-08,0.24,9
0.3923444976076555,-8.2000000082e-08,344.45,9
0.387434554973822,-7.4000000074e-08,132.75,9
0.43089430894308944,-2.12000000212e-07,2510.5714285714284,9
0.34099616858237547,-8.9000000089e-08,399.38775510204084,9
0.7763975155279503,-1.25000000125e-07,860.388888888889,9
0.69140625,-1.77000000177e-07,2818.8163265306125,9
0.28524590163934427,-8.7000000087e-08,181.33333333333334,9
0.7203389830508474,-8.5000000085e-08,398.8099173553719,9
0.71875,-9.2000000092e-08,854.109375,9
0.28378378378378377,-8.4000000084e-08,373.5555555555556,9
0.71875,-9.2000000092e-08,853.30859375,9
0.8699186991869918,-2.14000000214e-07,2825.551020408163,9
0.7064220183486238,-7.7000000077e-08,579.5555555555555,9
0.8492063492063492,-1.07000000107e-07,709.3583984375,9
0.3298429319371728,-6.3000000063e-08,68.32098765432099,9
0.8544061302681992,-2.23000000223e-07,2889.283950617284,9
0.6133333333333333,-4.6000000046e-08,132.09876543209873,9
0.5329949238578681,-1.05000000105e-07,962.3822222222223,9
0.5454545454545454,-5.4000000054e-08,158.32098765432096,9
0.6444444444444445,-2.9000000029e-08,56.25,9
0.37,-1.11000000111e-07,814.4982698961937,9
0.41397849462365593,-1.54000000154e-07,2120.0495867768595,9
0.7884615384615384,-1.64000000164e-07,2457.21,9
0.7165605095541401,-2.25000000225e-07,2818.380165289256,9
0.7153846153846154,-9.3000000093e-08,662.1198224852071,9
0.7711864406779662,-9.1000000091e-08,933.8400000000001,9
0.6363636363636364,-2.8000000028e-08,47.05917159763314,9
0.6136363636363636,-2.7000000027e-08,45.26222222222223,9
0.47333333333333333,-7.1000000071e-08,308.45,9
0.6666666666666666,-2.8000000028e-08,46.3305785123967,9
0.31932773109243695,-3.8000000038e-08,60.775510204081634,9
0.7608695652173914,-1.05000000105e-07,341.70659722222223,9
0.7258064516129032,-9.000000009e-08,610.24,9
0.43866171003717475,-1.18000000118e-07,579.4097222222223,9
0.391304347826087,-5.4000000054e-08,65.55999999999999,9
0.6363636363636364,-2.8000000028e-08,45.616863905325445,9
0.7346938775510204,-7.2000000072e-08,250.9795918367347,9
0.6613924050632911,-2.09000000209e-07,2951.469135802469,9
0.6666666666666666,-6.4000000064e-08,243.86776859504135,9
0.6666666666666666,-2.06000000206e-07,2285.8367346938776,9
0.6666666666666666,-6.4000000064e-08,243.86776859504135,9
0.47333333333333333,-7.1000000071e-08,308.45,9
0.43866171003717475,-1.18000000118e-07,539.6033057851241,9
0.5172413793103449,-9.000000009e-08,605.76,9
0.717948717948718,-5.6000000056e-08,205.8520408163265,9
0.7647058823529411,-9.1000000091e-08,563.1020408163265,9
0.6074074074074074,-8.2000000082e-08,390.6115702479339,9
0.7166666666666667,-8.6000000086e-08,386.06632653061223,9
0.8760330578512396,-2.12000000212e-07,2747.5510204081634,9
0.4444444444444444,-2.8000000028e-08,51.04888888888889,9
0.7215189873417721,-5.7000000057e-08,276.99039780521264,9
0.3402061855670103,-3.3000000033e-08,1.138888888888889,9
0.4935897435897436,-7.7000000077e-08,604.6938775510205,9
0.6048387096774194,-7.5000000075e-08,686.65,9
0.36607142857142855,-4.1000000041e-08,81.95918367346938,9
0.5212765957446809,-4.9000000049e-08,130.1875,9
0.6190476190476191,-1.95000000195e-07,2328.6666666666665,9
0.6748466257668712,-1.1000000011e-07,615.359375,9
0.6830188679245283,-1.81000000181e-07,1860.6666666666667,9
0.3386454183266932,-8.5000000085e-08,401.5555555555556,9
0.8629032258064516,-1.07000000107e-07,612.7292899408284,9
0.4331983805668016,-1.07000000107e-07,612.75,9
0.8235294117647058,-1.4000000014e-07,1016.4297520661158,9
0.625,-1.05000000105e-07,1229.4375,9
0.4701492537313433,-6.3000000063e-08,130.00554016620498,9
0.4,-4.4000000044e-08,67.28925619834712,9
0.7457627118644068,-8.8000000088e-08,423.1404958677686,9
0.25906735751295334,-5.000000005e-08,0.75,9
0.3724696356275304,-9.2000000092e-08,389.21,9
0.6748466257668712,-1.1000000011e-07,615.359375,9
0.45714285714285713,-6.4000000064e-08,171.16262975778545,9
0.717948717948718,-5.6000000056e-08,206.95280612244898,9
0.48265895953757226,-1.67000000167e-07,1508.234375,9
0.5173913043478261,-1.19000000119e-07,948.75,9
0.8507936507936508,-2.68000000268e-07,4436.9097222222235,9
0.75,-6.000000006e-08,219.1624489795918,9
0.3333333333333333,-1.06000000106e-07,660.6913580246915,9
0.7844827586206896,-9.1000000091e-08,761.6528925619837,9
0.874,-4.37000000437e-07,15340.987654320987,9
0.8251748251748252,-1.18000000118e-07,628.7438016528927,9
0.42962962962962964,-1.16000000116e-07,770.719135802469,9
0.5985401459854015,-8.2000000082e-08,364.36,9
0.4,-4.4000000044e-08,67.28925619834712,9
0.4331983805668016,-1.07000000107e-07,624.5917159763313,9
0.8070175438596491,-9.2000000092e-08,784.0661157024792,9
0.875,-2.73000000273e-07,5061.359375,9
0.7446808510638298,-1.05000000105e-07,644.2644628099174,9
0.7721518987341772,-6.1000000061e-08,280.7950138504155,9
0.8225806451612904,-2.04000000204e-07,3119.4399999999996,9
0.36134453781512604,-8.6000000086e-08,416.38888888888886,9
0.43089430894308944,-2.12000000212e-07,2510.5714285714284,9
0.49193548387096775,-6.1000000061e-08,325.9591836734694,9
0.36771300448430494,-8.2000000082e-08,179.23999999999998,9
0.8676470588235294,-2.36000000236e-07,1997.1550068587105,9
0.7564102564102564,-5.9000000059e-08,263.5621301775148,9
0.7906137184115524,-2.1900000021900001e-07,4316.639999999999,9
0.4249084249084249,-1.16000000116e-07,767.984375,9
0.7155963302752294,-7.8000000078e-08,475.91836734693885,9
0.8770491803278688,-1.07000000107e-07,755.3520408163266,9
0.18222222222222223,-4.1000000041e-08,0.25,9
0.6639344262295082,-8.1000000081e-08,561.138888888889,9
0.8300970873786407,-1.71000000171e-07,2579.3599999999997,9
0.4692737430167598,-8.4000000084e-08,260.984375,9
0.5192307692307693,-2.7000000027e-08,53.2475,9
0.5590551181102362,-7.1000000071e-08,207.76,9
0.6857142857142857,-4.8000000048e-08,127.44444444444444,9
0.8676470588235294,-2.36000000236e-07,1997.1550068587105,9
0.6166666666666667,-1.85000000185e-07,4155.96,9
0.435625,-6.97000000697e-07,28496.80555555556,9
0.782051282051282,-6.1000000061e-08,296.87109375,9
0.9385245901639344,-2.29000000229e-07,2014.81,9
0.4782608695652174,-1.32000000132e-07,766.2448979591836,9
0.8699186991869918,-1.07000000107e-07,639.3070348454964,9
0.4331983805668016,-1.07000000107e-07,511.0524691358024,9
0.7153846153846154,-9.3000000093e-08,658.6117969821673,9
0.8268156424581006,-1.48000000148e-07,1114.8402366863904,9
0.9366197183098591,-2.66000000266e-07,5494.359861591695,9
0.5111111111111111,-4.6000000046e-08,124.2091836734694,9
0.8699186991869918,-1.07000000107e-07,695.77734375,9
0.8629032258064516,-1.07000000107e-07,677.4293628808863,9
0.3218390804597701,-8.4000000084e-08,373.5555555555556,9
0.8300970873786407,-1.71000000171e-07,2590.4,9
0.9181494661921709,-2.58000000258e-07,3777.0099999999998,9
0.8760330578512396,-2.12000000212e-07,4203.734375,9
0.6573426573426573,-9.4000000094e-08,700.1875,9
0.7634854771784232,-1.84000000184e-07,2920.1388888888887,9
0.6037735849056604,-1.28000000128e-07,585.3668639053254,9
0.7380952380952381,-6.2000000062e-08,260.021224489796,9
0.5370370370370371,-8.7000000087e-08,463.5061728395062,9
0.869281045751634,-2.66000000266e-07,4745.775510204082,9
0.8831168831168831,-2.04000000204e-07,3119.84,9
0.3375796178343949,-5.3000000053e-08,27.11111111111111,9
0.84251968503937,-1.07000000107e-07,605.9245562130177,9
0.7142857142857143,-2.25000000225e-07,4970.25,9
0.47580645161290325,59.0,98.24305555555554,9
0.4,-1.14000000114e-07,847.9591836734695,9
0.8015267175572519,-1.05000000105e-07,334.5815972222222,9
0.21649484536082475,-6.3000000063e-08,76.25,9
0.7696969696969697,-1.27000000127e-07,1426.96,9
0.5588235294117647,-5.7000000057e-08,234.64000000000001,9
